method,fold,location_p,error,true_x,true_y
centered_fp,forward_to_backward,1,1.4403163094302656,32,0
centered_fp,forward_to_backward,2,0.11511928557223783,30,0
centered_fp,forward_to_backward,3,0.022800128395331853,28,0
centered_fp,forward_to_backward,4,0.3372489541844246,26,0
centered_fp,forward_to_backward,5,1.7232306478925992,24,0
centered_fp,forward_to_backward,6,3.237080641731886,22,0
centered_fp,forward_to_backward,7,0.09324164975057414,20,0
centered_fp,forward_to_backward,8,0.07307880923089627,18,0
centered_fp,forward_to_backward,9,1.7708497577433455,16,0
centered_fp,forward_to_backward,10,1.6712063047182326,14,0
centered_fp,forward_to_backward,11,1.7205563864481572,12,0
centered_fp,forward_to_backward,12,0.10582537046104079,10,0
centered_fp,forward_to_backward,13,0.22362294271479755,8,0
centered_fp,forward_to_backward,14,0.004700472656951504,6,0
centered_fp,forward_to_backward,15,0.16686625297820612,4,0
centered_fp,forward_to_backward,16,1.5996040500609374,2,0
centered_fp,forward_to_backward,17,0.7579115801200416,0,0
centered_fp,forward_to_backward,18,0.05984779815093533,0,2
centered_fp,forward_to_backward,19,0.159573741946196,0,4
centered_fp,forward_to_backward,20,0.24019510551372925,0,6
centered_fp,forward_to_backward,21,1.920159090445738,0,8
centered_fp,forward_to_backward,22,0.19038478005959547,0,10
centered_fp,forward_to_backward,23,1.5761556997622819,0,12
centered_fp,forward_to_backward,24,1.9139122067126078,0,14
centered_fp,forward_to_backward,25,1.0439119748776378,0,16
centered_fp,forward_to_backward,26,0.5789976093214975,0,18
centered_fp,forward_to_backward,27,0.016793387943614846,0,20
centered_fp,forward_to_backward,28,0.14239035423723578,0,22
centered_fp,forward_to_backward,29,1.5117950101253186,0,24
centered_fp,forward_to_backward,30,3.6743465515247458,0,26
centered_fp,forward_to_backward,31,4.510112955480668,0,28
centered_fp,forward_to_backward,32,3.9037678308360952,0,30
centered_fp,forward_to_backward,33,4.706508563512429,0,32
centered_fp,forward_to_backward,34,6.710915249506815,0,34
centered_fp,forward_to_backward,35,6.71998284629672,0,36
centered_fp,forward_to_backward,36,4.155120141538831,0,38
centered_fp,forward_to_backward,37,2.008508790178155,0,40
centered_fp,forward_to_backward,38,0.6534028403955148,0,42
centered_fp,forward_to_backward,39,0.23148779827407395,0,44
centered_fp,forward_to_backward,40,0.09810838338601968,0,46
centered_fp,forward_to_backward,41,0.1816615803353443,0,48
centered_fp,forward_to_backward,42,0.08505494686444592,0,50
centered_fp,forward_to_backward,43,1.4763152238461643,0,52
centered_fp,forward_to_backward,44,0.24174726008175185,0,54
centered_fp,forward_to_backward,45,0.7958170847668901,0,56
centered_fp,forward_to_backward,46,1.5035533687619376,2,56
centered_fp,forward_to_backward,47,1.0375855137561025,4,56
centered_fp,forward_to_backward,48,1.3524478747883384,6,56
centered_fp,forward_to_backward,49,0.05600122149366982,8,56
centered_fp,forward_to_backward,50,4.103641538463269,10,56
centered_fp,forward_to_backward,51,2.478005531759708,12,56
centered_fp,forward_to_backward,52,0.016048979496304128,14,56
centered_fp,forward_to_backward,53,0.0022031996357654293,16,56
centered_fp,forward_to_backward,54,0.807932939159361,18,56
centered_fp,forward_to_backward,55,0.16091032020005613,20,56
centered_fp,forward_to_backward,56,0.7801649419448466,22,56
centered_fp,forward_to_backward,57,1.847085547117377,24,56
centered_fp,forward_to_backward,58,0.21311222943548103,26,56
centered_fp,forward_to_backward,59,1.8400475996142909,28,56
cla,forward_to_backward,1,12.003749414245531,32,0
cla,forward_to_backward,2,10.004498987955365,30,0
cla,forward_to_backward,3,8.00562302385017,28,0
cla,forward_to_backward,4,6.007495318350233,26,0
cla,forward_to_backward,5,4.011234224026312,24,0
cla,forward_to_backward,6,2.022374841615665,22,0
cla,forward_to_backward,7,0.3,20,0
cla,forward_to_backward,8,2.022374841615672,18,0
cla,forward_to_backward,9,4.011234224026316,16,0
cla,forward_to_backward,10,6.007495318350236,14,0
cla,forward_to_backward,11,8.005623023850173,12,0
cla,forward_to_backward,12,10.004498987955369,10,0
cla,forward_to_backward,13,12.003749414245535,8,0
cla,forward_to_backward,14,14.003213916812097,6,0
cla,forward_to_backward,15,6.529335511537313,4,0
cla,forward_to_backward,16,18.002499826412997,2,0
cla,forward_to_backward,17,2.7406406388125952,0,0
cla,forward_to_backward,18,2.076321533652991,0,2
cla,forward_to_backward,19,7.726002272269348,0,4
cla,forward_to_backward,20,5.735077254153695,0,6
cla,forward_to_backward,21,3.7538128764112755,0,8
cla,forward_to_backward,22,1.8141419765583682,0,10
cla,forward_to_backward,23,0.7007932013876224,0,12
cla,forward_to_backward,24,16.17010272763356,0,14
cla,forward_to_backward,25,14.170587692666652,0,16
cla,forward_to_backward,26,12.17123202017318,0,18
cla,forward_to_backward,27,10.172129679778086,0,20
cla,forward_to_backward,28,8.173466556826153,0,22
cla,forward_to_backward,29,6.175669104549637,0,24
cla,forward_to_backward,30,4.179978734661486,0,26
cla,forward_to_backward,31,2.1921577396609853,0,28
cla,forward_to_backward,32,0.3726779962499655,0,30
cla,forward_to_backward,33,1.8633899812498236,0,32
cla,forward_to_backward,34,3.8477987935383973,0,34
cla,forward_to_backward,35,5.842849380986034,0,36
cla,forward_to_backward,36,7.84042232422605,0,38
cla,forward_to_backward,37,9.838981428763626,0,40
cla,forward_to_backward,38,11.838027238053174,0,42
cla,forward_to_backward,39,13.837348814791879,0,44
cla,forward_to_backward,40,8.878000275337284,0,46
cla,forward_to_backward,41,10.64670006256503,0,48
cla,forward_to_backward,42,6.3280679867116225,0,50
cla,forward_to_backward,43,6.405553146380967,0,52
cla,forward_to_backward,44,6.630568938216721,0,54
cla,forward_to_backward,45,7.409303461039892,0,56
cla,forward_to_backward,46,5.770422668901969,2,56
cla,forward_to_backward,47,10.652177659468926,4,56
cla,forward_to_backward,48,8.656532536504182,6,56
cla,forward_to_backward,49,6.663499247559214,8,56
cla,forward_to_backward,50,4.676418382575374,10,56
cla,forward_to_backward,51,2.708423075436248,12,56
cla,forward_to_backward,52,0.8956685895029546,14,56
cla,forward_to_backward,53,1.5062831370259977,16,56
cla,forward_to_backward,54,3.4257197135135775,18,56
cla,forward_to_backward,55,5.403908050866726,20,56
cla,forward_to_backward,56,7.393841281018202,22,56
cla,forward_to_backward,57,9.388053874768485,24,56
cla,forward_to_backward,58,11.384297177350135,26,56
cla,forward_to_backward,59,13.381662411258509,28,56
gp_corridor,forward_to_backward,1,0.08224119862752843,32,0
gp_corridor,forward_to_backward,2,1.5743994257378944,30,0
gp_corridor,forward_to_backward,3,2.4440973303993445,28,0
gp_corridor,forward_to_backward,4,2.4236523082666146,26,0
gp_corridor,forward_to_backward,5,1.0110859042444744,24,0
gp_corridor,forward_to_backward,6,0.7004047096757944,22,0
gp_corridor,forward_to_backward,7,0.6315399120585568,20,0
gp_corridor,forward_to_backward,8,0.963139722566936,18,0
gp_corridor,forward_to_backward,9,0.15819441393449196,16,0
gp_corridor,forward_to_backward,10,0.046998529211023765,14,0
gp_corridor,forward_to_backward,11,0.6643530539550468,12,0
gp_corridor,forward_to_backward,12,0.24305050243386006,10,0
gp_corridor,forward_to_backward,13,0.138085378994262,8,0
gp_corridor,forward_to_backward,14,0.12938062104247194,6,0
gp_corridor,forward_to_backward,15,0.21065203524966236,4,0
gp_corridor,forward_to_backward,16,0.9489894935099308,2,0
gp_corridor,forward_to_backward,17,0.006210337377364539,0,0
gp_corridor,forward_to_backward,18,0.14523400275212572,0,2
gp_corridor,forward_to_backward,19,0.5101536905787896,0,4
gp_corridor,forward_to_backward,20,1.5187111599369416,0,6
gp_corridor,forward_to_backward,21,2.4882409830797414,0,8
gp_corridor,forward_to_backward,22,0.9502827360498642,0,10
gp_corridor,forward_to_backward,23,1.2237074373928962,0,12
gp_corridor,forward_to_backward,24,0.5724932813948911,0,14
gp_corridor,forward_to_backward,25,0.5818353754968939,0,16
gp_corridor,forward_to_backward,26,0.573179103795546,0,18
gp_corridor,forward_to_backward,27,0.601740755389514,0,20
gp_corridor,forward_to_backward,28,0.8188349224993701,0,22
gp_corridor,forward_to_backward,29,0.697532354778879,0,24
gp_corridor,forward_to_backward,30,1.0228909904101684,0,26
gp_corridor,forward_to_backward,31,2.7697716000790678,0,28
gp_corridor,forward_to_backward,32,4.167567003167612,0,30
gp_corridor,forward_to_backward,33,0.49234847061585896,0,32
gp_corridor,forward_to_backward,34,2.297086439043426,0,34
gp_corridor,forward_to_backward,35,1.1646757221603679,0,36
gp_corridor,forward_to_backward,36,1.8781968251852845,0,38
gp_corridor,forward_to_backward,37,0.26236577114102033,0,40
gp_corridor,forward_to_backward,38,0.23360710821236808,0,42
gp_corridor,forward_to_backward,39,0.9883079742026695,0,44
gp_corridor,forward_to_backward,40,0.29569233743220025,0,46
gp_corridor,forward_to_backward,41,0.9735162755016802,0,48
gp_corridor,forward_to_backward,42,0.660703536034319,0,50
gp_corridor,forward_to_backward,43,0.022256338614553783,0,52
gp_corridor,forward_to_backward,44,0.5597065509431758,0,54
gp_corridor,forward_to_backward,45,0.07479447361285452,0,56
gp_corridor,forward_to_backward,46,0.13088669459287416,2,56
gp_corridor,forward_to_backward,47,0.5589810674226499,4,56
gp_corridor,forward_to_backward,48,1.1008358126678672,6,56
gp_corridor,forward_to_backward,49,0.5956199869426797,8,56
gp_corridor,forward_to_backward,50,1.8114715961027912,10,56
gp_corridor,forward_to_backward,51,0.3994692522459218,12,56
gp_corridor,forward_to_backward,52,0.03456994564379379,14,56
gp_corridor,forward_to_backward,53,0.9163873820911022,16,56
gp_corridor,forward_to_backward,54,0.9691044413385015,18,56
gp_corridor,forward_to_backward,55,0.009581678346449962,20,56
gp_corridor,forward_to_backward,56,1.1141764857077732,22,56
gp_corridor,forward_to_backward,57,0.17664681733670307,24,56
gp_corridor,forward_to_backward,58,1.7806501683553364,26,56
gp_corridor,forward_to_backward,59,2.5486493747125536,28,56
multiband_wcl,forward_to_backward,1,2.498553112633842,32,0
multiband_wcl,forward_to_backward,2,5.2981068790171895,30,0
multiband_wcl,forward_to_backward,3,4.600939481252003,28,0
multiband_wcl,forward_to_backward,4,4.323225983145747,26,0
multiband_wcl,forward_to_backward,5,2.033807248498194,24,0
multiband_wcl,forward_to_backward,6,0.7703290140610649,22,0
multiband_wcl,forward_to_backward,7,2.5083315378755424,20,0
multiband_wcl,forward_to_backward,8,3.108805391238911,18,0
multiband_wcl,forward_to_backward,9,3.04961369155106,16,0
multiband_wcl,forward_to_backward,10,3.2378023715205613,14,0
multiband_wcl,forward_to_backward,11,0.8904045405191058,12,0
multiband_wcl,forward_to_backward,12,1.073007715359018,10,0
multiband_wcl,forward_to_backward,13,2.0749063568578494,8,0
multiband_wcl,forward_to_backward,14,4.457745574983833,6,0
multiband_wcl,forward_to_backward,15,6.529445794061622,4,0
multiband_wcl,forward_to_backward,16,10.031854175049919,2,0
multiband_wcl,forward_to_backward,17,4.818182773574401,0,0
multiband_wcl,forward_to_backward,18,4.525929557025086,0,2
multiband_wcl,forward_to_backward,19,8.847110584960147,0,4
multiband_wcl,forward_to_backward,20,9.341268492732095,0,6
multiband_wcl,forward_to_backward,21,7.772345661121591,0,8
multiband_wcl,forward_to_backward,22,5.603032422486048,0,10
multiband_wcl,forward_to_backward,23,3.778690472439946,0,12
multiband_wcl,forward_to_backward,24,3.549371856712588,0,14
multiband_wcl,forward_to_backward,25,1.0982758872609568,0,16
multiband_wcl,forward_to_backward,26,2.5267770417841287,0,18
multiband_wcl,forward_to_backward,27,3.98961850587256,0,20
multiband_wcl,forward_to_backward,28,4.907277691359217,0,22
multiband_wcl,forward_to_backward,29,2.3015473639434343,0,24
multiband_wcl,forward_to_backward,30,2.5989484390082715,0,26
multiband_wcl,forward_to_backward,31,1.686798900556054,0,28
multiband_wcl,forward_to_backward,32,1.1725111254560507,0,30
multiband_wcl,forward_to_backward,33,1.8289517070156822,0,32
multiband_wcl,forward_to_backward,34,3.8149633477725517,0,34
multiband_wcl,forward_to_backward,35,4.823195487119405,0,36
multiband_wcl,forward_to_backward,36,6.3776613386017225,0,38
multiband_wcl,forward_to_backward,37,1.0321825377481237,0,40
multiband_wcl,forward_to_backward,38,1.137349663040252,0,42
multiband_wcl,forward_to_backward,39,3.259289120445007,0,44
multiband_wcl,forward_to_backward,40,2.8985740914904974,0,46
multiband_wcl,forward_to_backward,41,6.407636643108383,0,48
multiband_wcl,forward_to_backward,42,11.07895718398587,0,50
multiband_wcl,forward_to_backward,43,5.814426291466077,0,52
multiband_wcl,forward_to_backward,44,5.208512072554624,0,54
multiband_wcl,forward_to_backward,45,6.045220046572033,0,56
multiband_wcl,forward_to_backward,46,4.226906586938909,2,56
multiband_wcl,forward_to_backward,47,2.8930833390243693,4,56
multiband_wcl,forward_to_backward,48,3.4666664987852185,6,56
multiband_wcl,forward_to_backward,49,2.454889168933084,8,56
multiband_wcl,forward_to_backward,50,3.559014542484745,10,56
multiband_wcl,forward_to_backward,51,3.7916962280495907,12,56
multiband_wcl,forward_to_backward,52,1.7530279521415624,14,56
multiband_wcl,forward_to_backward,53,1.5657990638899408,16,56
multiband_wcl,forward_to_backward,54,3.7371700123375,18,56
multiband_wcl,forward_to_backward,55,3.8463369590609067,20,56
multiband_wcl,forward_to_backward,56,2.3525823706403237,22,56
multiband_wcl,forward_to_backward,57,2.0612201328351216,24,56
multiband_wcl,forward_to_backward,58,1.3568326865715818,26,56
multiband_wcl,forward_to_backward,59,2.9588883818968803,28,56
pbl,forward_to_backward,1,2.1470910553583873,32,0
pbl,forward_to_backward,2,9.2655275079188,30,0
pbl,forward_to_backward,3,7.283543093852057,28,0
pbl,forward_to_backward,4,5.315072906367324,26,0
pbl,forward_to_backward,5,3.3837848631377256,24,0
pbl,forward_to_backward,6,1.6278820596099701,22,0
pbl,forward_to_backward,7,1.360147050873545,20,0
pbl,forward_to_backward,8,3.0083217912982656,18,0
pbl,forward_to_backward,9,6.972087205421344,16,0
pbl,forward_to_backward,10,5.000999900019996,14,0
pbl,forward_to_backward,11,3.0675723300355937,12,0
pbl,forward_to_backward,12,1.3453624047073713,10,0
pbl,forward_to_backward,13,1.4866068747318502,8,0
pbl,forward_to_backward,14,3.2572994949804657,6,0
pbl,forward_to_backward,15,5.197114584074513,4,0
pbl,forward_to_backward,16,7.170076708097341,2,0
pbl,forward_to_backward,17,15.632018423735305,0,0
pbl,forward_to_backward,18,13.636715146984628,0,2
pbl,forward_to_backward,19,11.643023662262308,0,4
pbl,forward_to_backward,20,9.651942809610922,0,6
pbl,forward_to_backward,21,7.66550715869472,0,8
pbl,forward_to_backward,22,5.688585061331157,0,10
pbl,forward_to_backward,23,3.7363083384538807,0,12
pbl,forward_to_backward,24,1.8867962264113205,0,14
pbl,forward_to_backward,25,1.077032961426901,0,16
pbl,forward_to_backward,26,2.6,0,18
pbl,forward_to_backward,27,4.512205669071391,0,20
pbl,forward_to_backward,28,6.47765389628066,0,22
pbl,forward_to_backward,29,8.459314393022641,0,24
pbl,forward_to_backward,30,4.805205510693584,0,26
pbl,forward_to_backward,31,2.879236009777593,0,28
pbl,forward_to_backward,32,1.2206555615733699,0,30
pbl,forward_to_backward,33,1.6401219466856731,0,32
pbl,forward_to_backward,34,3.4481879299133342,0,34
pbl,forward_to_backward,35,5.3935146240647205,0,36
pbl,forward_to_backward,36,7.368174807915459,0,38
pbl,forward_to_backward,37,4.317406628984584,0,40
pbl,forward_to_backward,38,2.4166091947189168,0,42
pbl,forward_to_backward,39,1.0198039027185575,0,44
pbl,forward_to_backward,40,2.0591260281973973,0,46
pbl,forward_to_backward,41,3.9293765408776973,0,48
pbl,forward_to_backward,42,5.885575587824862,0,50
pbl,forward_to_backward,43,7.863841300534997,0,52
pbl,forward_to_backward,44,5.661271941887263,0,54
pbl,forward_to_backward,45,4.780167361086847,0,56
pbl,forward_to_backward,46,2.906888370749725,2,56
pbl,forward_to_backward,47,1.4317821063276326,4,56
pbl,forward_to_backward,48,1.9104973174542783,6,56
pbl,forward_to_backward,49,3.6400549446402586,8,56
pbl,forward_to_backward,50,3.66742416417845,10,56
pbl,forward_to_backward,51,1.7464249196572987,12,56
pbl,forward_to_backward,52,0.8062257748298576,14,56
pbl,forward_to_backward,53,2.500000000000001,16,56
pbl,forward_to_backward,54,7.808969202141854,18,56
pbl,forward_to_backward,55,5.8463663928973855,20,56
pbl,forward_to_backward,56,3.921734310225514,22,56
pbl,forward_to_backward,57,2.1400934559032674,24,56
pbl,forward_to_backward,58,1.3341664064126308,26,56
pbl,forward_to_backward,59,2.6419689627245804,28,56
rank_fp,forward_to_backward,1,0.62638852571013,32,0
rank_fp,forward_to_backward,2,0.2693932237480041,30,0
rank_fp,forward_to_backward,3,0.24274756908601347,28,0
rank_fp,forward_to_backward,4,0.16168926828222752,26,0
rank_fp,forward_to_backward,5,0.07876520444104784,24,0
rank_fp,forward_to_backward,6,2.0799733356839702,22,0
rank_fp,forward_to_backward,7,0.40840822206369154,20,0
rank_fp,forward_to_backward,8,1.6391882249130276,18,0
rank_fp,forward_to_backward,9,0.6706368209787783,16,0
rank_fp,forward_to_backward,10,0.33766073258272833,14,0
rank_fp,forward_to_backward,11,0.17094962927308188,12,0
rank_fp,forward_to_backward,12,0.011184842477177881,10,0
rank_fp,forward_to_backward,13,0.04327103840018509,8,0
rank_fp,forward_to_backward,14,0.10145805190591695,6,0
rank_fp,forward_to_backward,15,0.18106085442803765,4,0
rank_fp,forward_to_backward,16,0.5795422845464775,2,0
rank_fp,forward_to_backward,17,3.2596927954516315,0,0
rank_fp,forward_to_backward,18,0.12692619027379082,0,2
rank_fp,forward_to_backward,19,0.4630330502830624,0,4
rank_fp,forward_to_backward,20,0.4114496085293835,0,6
rank_fp,forward_to_backward,21,0.6631433386538674,0,8
rank_fp,forward_to_backward,22,0.14435725392897325,0,10
rank_fp,forward_to_backward,23,1.9499035315845816,0,12
rank_fp,forward_to_backward,24,0.6482346873535132,0,14
rank_fp,forward_to_backward,25,4.227942757750116,0,16
rank_fp,forward_to_backward,26,0.09283383291047542,0,18
rank_fp,forward_to_backward,27,0.17622459429128057,0,20
rank_fp,forward_to_backward,28,1.8125541049523264,0,22
rank_fp,forward_to_backward,29,0.005409308433566906,0,24
rank_fp,forward_to_backward,30,1.609579277207068,0,26
rank_fp,forward_to_backward,31,0.46239150379085103,0,28
rank_fp,forward_to_backward,32,2.1588005806013726,0,30
rank_fp,forward_to_backward,33,1.9425083001529941,0,32
rank_fp,forward_to_backward,34,4.1261539484785885,0,34
rank_fp,forward_to_backward,35,1.7447253876393418,0,36
rank_fp,forward_to_backward,36,0.23593248222719865,0,38
rank_fp,forward_to_backward,37,0.07015290558053522,0,40
rank_fp,forward_to_backward,38,0.5778615616581035,0,42
rank_fp,forward_to_backward,39,1.8086601095350971,0,44
rank_fp,forward_to_backward,40,1.7379667043831972,0,46
rank_fp,forward_to_backward,41,0.09839340691409149,0,48
rank_fp,forward_to_backward,42,0.19076234188454322,0,50
rank_fp,forward_to_backward,43,0.09861743662326461,0,52
rank_fp,forward_to_backward,44,0.5469119088911398,0,54
rank_fp,forward_to_backward,45,1.043900284166562,0,56
rank_fp,forward_to_backward,46,1.0166970912634432,2,56
rank_fp,forward_to_backward,47,0.26423563263274197,4,56
rank_fp,forward_to_backward,48,0.04710523367049024,6,56
rank_fp,forward_to_backward,49,0.10318700468930064,8,56
rank_fp,forward_to_backward,50,31.628105464402967,10,56
rank_fp,forward_to_backward,51,1.6587644221159863,12,56
rank_fp,forward_to_backward,52,0.8003452521427459,14,56
rank_fp,forward_to_backward,53,1.3329714724702644,16,56
rank_fp,forward_to_backward,54,0.23756341207895915,18,56
rank_fp,forward_to_backward,55,0.40023487316587136,20,56
rank_fp,forward_to_backward,56,0.22843567068469284,22,56
rank_fp,forward_to_backward,57,0.11080621240316901,24,56
rank_fp,forward_to_backward,58,0.7348665921196122,26,56
rank_fp,forward_to_backward,59,2.0104194959332347,28,56
studentt_fp,forward_to_backward,1,0.0007159413341604193,32,0
studentt_fp,forward_to_backward,2,0.5354154542183025,30,0
studentt_fp,forward_to_backward,3,0.022219254276588885,28,0
studentt_fp,forward_to_backward,4,0.007952235339200087,26,0
studentt_fp,forward_to_backward,5,0.3030075495016291,24,0
studentt_fp,forward_to_backward,6,0.002360261757075932,22,0
studentt_fp,forward_to_backward,7,1.9995405647784814,20,0
studentt_fp,forward_to_backward,8,0.01383770214273028,18,0
studentt_fp,forward_to_backward,9,0.14971382373907005,16,0
studentt_fp,forward_to_backward,10,0.0018947292453237452,14,0
studentt_fp,forward_to_backward,11,0.5858010245349288,12,0
studentt_fp,forward_to_backward,12,0.0008828675954504206,10,0
studentt_fp,forward_to_backward,13,1.2099992155247978,8,0
studentt_fp,forward_to_backward,14,2.5725618647785033,6,0
studentt_fp,forward_to_backward,15,0.002290117818276817,4,0
studentt_fp,forward_to_backward,16,0.3626453786459264,2,0
studentt_fp,forward_to_backward,17,0.00010377836338098602,0,0
studentt_fp,forward_to_backward,18,0.001412078866445032,0,2
studentt_fp,forward_to_backward,19,1.9851465203888445,0,4
studentt_fp,forward_to_backward,20,2.9133245448388996,0,6
studentt_fp,forward_to_backward,21,3.988928769652606,0,8
studentt_fp,forward_to_backward,22,1.3958543760289626,0,10
studentt_fp,forward_to_backward,23,1.78311862968307,0,12
studentt_fp,forward_to_backward,24,3.948902007354585,0,14
studentt_fp,forward_to_backward,25,4.981829448800786,0,16
studentt_fp,forward_to_backward,26,1.1970181501125445,0,18
studentt_fp,forward_to_backward,27,0.00384817266241555,0,20
studentt_fp,forward_to_backward,28,0.2957682353792457,0,22
studentt_fp,forward_to_backward,29,1.8453528009887314,0,24
studentt_fp,forward_to_backward,30,0.00013585699580076493,0,26
studentt_fp,forward_to_backward,31,1.9991922654708958,0,28
studentt_fp,forward_to_backward,32,3.993067301882359,0,30
studentt_fp,forward_to_backward,33,0.0016871291993965087,0,32
studentt_fp,forward_to_backward,34,7.797949631803771,0,34
studentt_fp,forward_to_backward,35,1.3376261942730991,0,36
studentt_fp,forward_to_backward,36,0.051018080756449535,0,38
studentt_fp,forward_to_backward,37,0.0007414581807978493,0,40
studentt_fp,forward_to_backward,38,1.0844998942880721,0,42
studentt_fp,forward_to_backward,39,0.1312988261882282,0,44
studentt_fp,forward_to_backward,40,0.022715132893807777,0,46
studentt_fp,forward_to_backward,41,0.12635334833336742,0,48
studentt_fp,forward_to_backward,42,0.0033627234335895655,0,50
studentt_fp,forward_to_backward,43,1.923331674722931,0,52
studentt_fp,forward_to_backward,44,0.11010179070514377,0,54
studentt_fp,forward_to_backward,45,2.9053776781786467,0,56
studentt_fp,forward_to_backward,46,0.007510746300241511,2,56
studentt_fp,forward_to_backward,47,1.6503386667696458,4,56
studentt_fp,forward_to_backward,48,1.455690141412667,6,56
studentt_fp,forward_to_backward,49,0.35502719871748845,8,56
studentt_fp,forward_to_backward,50,2.0442316751341747,10,56
studentt_fp,forward_to_backward,51,0.041842568377896856,12,56
studentt_fp,forward_to_backward,52,1.9365819590618862,14,56
studentt_fp,forward_to_backward,53,0.01374862381863906,16,56
studentt_fp,forward_to_backward,54,1.9689552769141727,18,56
studentt_fp,forward_to_backward,55,1.062620491889728,20,56
studentt_fp,forward_to_backward,56,0.03507724199938167,22,56
studentt_fp,forward_to_backward,57,2.904380435724544,24,56
studentt_fp,forward_to_backward,58,1.9932425169557142,26,56
studentt_fp,forward_to_backward,59,0.26034226124187043,28,56
wcl,forward_to_backward,1,2.521122402712082,32,0
wcl,forward_to_backward,2,7.094744305861342,30,0
wcl,forward_to_backward,3,5.442401765228894,28,0
wcl,forward_to_backward,4,4.5457895374013875,26,0
wcl,forward_to_backward,5,3.0927614786854165,24,0
wcl,forward_to_backward,6,0.998322389050049,22,0
wcl,forward_to_backward,7,1.7362202901905806,20,0
wcl,forward_to_backward,8,2.8104949282172376,18,0
wcl,forward_to_backward,9,0.1768495076929122,16,0
wcl,forward_to_backward,10,0.9564407008643725,14,0
wcl,forward_to_backward,11,2.105289605653662,12,0
wcl,forward_to_backward,12,1.191701257629988,10,0
wcl,forward_to_backward,13,1.6814203252920394,8,0
wcl,forward_to_backward,14,3.962632533778377,6,0
wcl,forward_to_backward,15,5.143062900677329,4,0
wcl,forward_to_backward,16,12.169324421571217,2,0
wcl,forward_to_backward,17,11.162391644024268,0,0
wcl,forward_to_backward,18,2.5021550480743415,0,2
wcl,forward_to_backward,19,9.018627421043965,0,4
wcl,forward_to_backward,20,9.414810736072129,0,6
wcl,forward_to_backward,21,7.795055211988485,0,8
wcl,forward_to_backward,22,5.696233203862502,0,10
wcl,forward_to_backward,23,3.7083640346279014,0,12
wcl,forward_to_backward,24,2.7426377214158966,0,14
wcl,forward_to_backward,25,1.051656436567231,0,16
wcl,forward_to_backward,26,2.5356979339052947,0,18
wcl,forward_to_backward,27,3.84792042230331,0,20
wcl,forward_to_backward,28,4.848735691432658,0,22
wcl,forward_to_backward,29,1.9842188794627382,0,24
wcl,forward_to_backward,30,2.130634647731588,0,26
wcl,forward_to_backward,31,0.638449616942192,0,28
wcl,forward_to_backward,32,2.814764938962698,0,30
wcl,forward_to_backward,33,1.704081016339109,0,32
wcl,forward_to_backward,34,3.791007693029115,0,34
wcl,forward_to_backward,35,4.823649448504286,0,36
wcl,forward_to_backward,36,5.721120598101993,0,38
wcl,forward_to_backward,37,3.8892055799878187,0,40
wcl,forward_to_backward,38,2.0493142851685424,0,42
wcl,forward_to_backward,39,1.1202948941015831,0,44
wcl,forward_to_backward,40,2.1583932242056343,0,46
wcl,forward_to_backward,41,4.3693013598759585,0,48
wcl,forward_to_backward,42,5.840117413243515,0,50
wcl,forward_to_backward,43,3.402858379099413,0,52
wcl,forward_to_backward,44,5.031995356495413,0,54
wcl,forward_to_backward,45,5.481440370638931,0,56
wcl,forward_to_backward,46,4.805983851661868,2,56
wcl,forward_to_backward,47,3.155283384446768,4,56
wcl,forward_to_backward,48,1.0627284431902542,6,56
wcl,forward_to_backward,49,1.5403724424666767,8,56
wcl,forward_to_backward,50,1.687445265990021,10,56
wcl,forward_to_backward,51,1.14792090704046,12,56
wcl,forward_to_backward,52,0.7572608095679871,14,56
wcl,forward_to_backward,53,1.3540900364624606,16,56
wcl,forward_to_backward,54,2.8709266736738646,18,56
wcl,forward_to_backward,55,3.342668419814198,20,56
wcl,forward_to_backward,56,2.106892043843587,22,56
wcl,forward_to_backward,57,2.0789649918512447,24,56
wcl,forward_to_backward,58,1.3605272667461366,26,56
wcl,forward_to_backward,59,3.062647031465079,28,56
wcl_blacklist,forward_to_backward,1,2.521122402712082,32,0
wcl_blacklist,forward_to_backward,2,7.094744305861342,30,0
wcl_blacklist,forward_to_backward,3,5.442401765228894,28,0
wcl_blacklist,forward_to_backward,4,4.5457895374013875,26,0
wcl_blacklist,forward_to_backward,5,3.0927614786854165,24,0
wcl_blacklist,forward_to_backward,6,0.998322389050049,22,0
wcl_blacklist,forward_to_backward,7,1.7362202901905806,20,0
wcl_blacklist,forward_to_backward,8,2.8104949282172376,18,0
wcl_blacklist,forward_to_backward,9,0.1768495076929122,16,0
wcl_blacklist,forward_to_backward,10,0.9564407008643725,14,0
wcl_blacklist,forward_to_backward,11,2.105289605653662,12,0
wcl_blacklist,forward_to_backward,12,1.191701257629988,10,0
wcl_blacklist,forward_to_backward,13,1.6814203252920394,8,0
wcl_blacklist,forward_to_backward,14,3.962632533778377,6,0
wcl_blacklist,forward_to_backward,15,6.230613233745062,4,0
wcl_blacklist,forward_to_backward,16,12.169324421571217,2,0
wcl_blacklist,forward_to_backward,17,13.224881937140081,0,0
wcl_blacklist,forward_to_backward,18,10.276226004959957,0,2
wcl_blacklist,forward_to_backward,19,11.669856519106983,0,4
wcl_blacklist,forward_to_backward,20,10.532678014681702,0,6
wcl_blacklist,forward_to_backward,21,8.240393442358735,0,8
wcl_blacklist,forward_to_backward,22,5.80873672146132,0,10
wcl_blacklist,forward_to_backward,23,3.8288885908449344,0,12
wcl_blacklist,forward_to_backward,24,2.7426377214158966,0,14
wcl_blacklist,forward_to_backward,25,1.051656436567231,0,16
wcl_blacklist,forward_to_backward,26,2.5356979339052947,0,18
wcl_blacklist,forward_to_backward,27,3.84792042230331,0,20
wcl_blacklist,forward_to_backward,28,4.848735691432658,0,22
wcl_blacklist,forward_to_backward,29,1.9842188794627382,0,24
wcl_blacklist,forward_to_backward,30,2.130634647731588,0,26
wcl_blacklist,forward_to_backward,31,0.638449616942192,0,28
wcl_blacklist,forward_to_backward,32,2.814764938962698,0,30
wcl_blacklist,forward_to_backward,33,1.704081016339109,0,32
wcl_blacklist,forward_to_backward,34,3.791007693029115,0,34
wcl_blacklist,forward_to_backward,35,4.823649448504286,0,36
wcl_blacklist,forward_to_backward,36,5.721120598101993,0,38
wcl_blacklist,forward_to_backward,37,3.8892055799878187,0,40
wcl_blacklist,forward_to_backward,38,2.0493142851685424,0,42
wcl_blacklist,forward_to_backward,39,1.1202948941015831,0,44
wcl_blacklist,forward_to_backward,40,2.1583932242056343,0,46
wcl_blacklist,forward_to_backward,41,4.3693013598759585,0,48
wcl_blacklist,forward_to_backward,42,5.840117413243515,0,50
wcl_blacklist,forward_to_backward,43,3.402858379099413,0,52
wcl_blacklist,forward_to_backward,44,5.031995356495413,0,54
wcl_blacklist,forward_to_backward,45,5.481440370638931,0,56
wcl_blacklist,forward_to_backward,46,4.805983851661868,2,56
wcl_blacklist,forward_to_backward,47,3.155283384446768,4,56
wcl_blacklist,forward_to_backward,48,1.0627284431902542,6,56
wcl_blacklist,forward_to_backward,49,1.5403724424666767,8,56
wcl_blacklist,forward_to_backward,50,1.687445265990021,10,56
wcl_blacklist,forward_to_backward,51,1.14792090704046,12,56
wcl_blacklist,forward_to_backward,52,0.7572608095679871,14,56
wcl_blacklist,forward_to_backward,53,1.3540900364624606,16,56
wcl_blacklist,forward_to_backward,54,2.8709266736738646,18,56
wcl_blacklist,forward_to_backward,55,3.342668419814198,20,56
wcl_blacklist,forward_to_backward,56,2.106892043843587,22,56
wcl_blacklist,forward_to_backward,57,2.0789649918512447,24,56
wcl_blacklist,forward_to_backward,58,1.3605272667461366,26,56
wcl_blacklist,forward_to_backward,59,3.062647031465079,28,56
wcl_corridor,forward_to_backward,1,2.3439254449597513,32,0
wcl_corridor,forward_to_backward,2,7.070713993239728,30,0
wcl_corridor,forward_to_backward,3,5.401005502716387,28,0
wcl_corridor,forward_to_backward,4,4.450394861010075,26,0
wcl_corridor,forward_to_backward,5,2.9366978047005077,24,0
wcl_corridor,forward_to_backward,6,0.5952017904723057,22,0
wcl_corridor,forward_to_backward,7,1.608691298416133,20,0
wcl_corridor,forward_to_backward,8,2.8014768547828766,18,0
wcl_corridor,forward_to_backward,9,0.03437336243980127,16,0
wcl_corridor,forward_to_backward,10,0.9501213862052182,14,0
wcl_corridor,forward_to_backward,11,1.8886554101540085,12,0
wcl_corridor,forward_to_backward,12,0.6911378045091254,10,0
wcl_corridor,forward_to_backward,13,1.3585219851405341,8,0
wcl_corridor,forward_to_backward,14,3.8502948172520064,6,0
wcl_corridor,forward_to_backward,15,5.139218032930856,4,0
wcl_corridor,forward_to_backward,16,12.154501283482482,2,0
wcl_corridor,forward_to_backward,17,11.161971226092234,0,0
wcl_corridor,forward_to_backward,18,2.4017254484523054,0,2
wcl_corridor,forward_to_backward,19,8.956155409948819,0,4
wcl_corridor,forward_to_backward,20,9.364920622987462,0,6
wcl_corridor,forward_to_backward,21,7.735817542204799,0,8
wcl_corridor,forward_to_backward,22,5.609302349011475,0,10
wcl_corridor,forward_to_backward,23,3.5725790124873775,0,12
wcl_corridor,forward_to_backward,24,2.5995571403975433,0,14
wcl_corridor,forward_to_backward,25,0.34420050393099544,0,16
wcl_corridor,forward_to_backward,26,2.3337616035259767,0,18
wcl_corridor,forward_to_backward,27,3.736911912273211,0,20
wcl_corridor,forward_to_backward,28,4.781981981981982,0,22
wcl_corridor,forward_to_backward,29,1.9775594424430274,0,24
wcl_corridor,forward_to_backward,30,2.130360354597613,0,26
wcl_corridor,forward_to_backward,31,0.21455144497797463,0,28
wcl_corridor,forward_to_backward,32,2.7655518905040495,0,30
wcl_corridor,forward_to_backward,33,1.4016902867617347,0,32
wcl_corridor,forward_to_backward,34,3.6712478978880227,0,34
wcl_corridor,forward_to_backward,35,4.7523930028706545,0,36
wcl_corridor,forward_to_backward,36,5.65294176211831,0,38
wcl_corridor,forward_to_backward,37,3.7616965970930494,0,40
wcl_corridor,forward_to_backward,38,1.8009192691934572,0,42
wcl_corridor,forward_to_backward,39,0.5828479228544552,0,44
wcl_corridor,forward_to_backward,40,1.8800681144575009,0,46
wcl_corridor,forward_to_backward,41,4.201788471276913,0,48
wcl_corridor,forward_to_backward,42,5.7362434260091675,0,50
wcl_corridor,forward_to_backward,43,1.8857268072971038,0,52
wcl_corridor,forward_to_backward,44,5.104547961605411,0,54
wcl_corridor,forward_to_backward,45,5.438967579239191,0,56
wcl_corridor,forward_to_backward,46,4.742788560414071,2,56
wcl_corridor,forward_to_backward,47,3.0450667507909417,4,56
wcl_corridor,forward_to_backward,48,0.2529219191245584,6,56
wcl_corridor,forward_to_backward,49,1.5058159160932014,8,56
wcl_corridor,forward_to_backward,50,1.6762469568496243,10,56
wcl_corridor,forward_to_backward,51,1.0118774633994256,12,56
wcl_corridor,forward_to_backward,52,0.4329478997063685,14,56
wcl_corridor,forward_to_backward,53,1.2977731497017366,16,56
wcl_corridor,forward_to_backward,54,2.8205187595821926,18,56
wcl_corridor,forward_to_backward,55,3.197047094106786,20,56
wcl_corridor,forward_to_backward,56,1.807549592721056,22,56
wcl_corridor,forward_to_backward,57,1.6303117183198204,24,56
wcl_corridor,forward_to_backward,58,0.4670661838601653,26,56
wcl_corridor,forward_to_backward,59,2.8076023008181785,28,56
wcl_linpower,forward_to_backward,1,2.6916294309788196,32,0
wcl_linpower,forward_to_backward,2,6.876987784505013,30,0
wcl_linpower,forward_to_backward,3,5.40767081143707,28,0
wcl_linpower,forward_to_backward,4,4.720355087150413,26,0
wcl_linpower,forward_to_backward,5,3.0684389670025936,24,0
wcl_linpower,forward_to_backward,6,1.0332697477263724,22,0
wcl_linpower,forward_to_backward,7,1.486501463946235,20,0
wcl_linpower,forward_to_backward,8,0.18154247728227607,18,0
wcl_linpower,forward_to_backward,9,0.435991888361059,16,0
wcl_linpower,forward_to_backward,10,0.45947496342860367,14,0
wcl_linpower,forward_to_backward,11,1.8485852294239116,12,0
wcl_linpower,forward_to_backward,12,1.2183127946358032,10,0
wcl_linpower,forward_to_backward,13,1.6810218423750578,8,0
wcl_linpower,forward_to_backward,14,3.902380407762841,6,0
wcl_linpower,forward_to_backward,15,5.136757914069673,4,0
wcl_linpower,forward_to_backward,16,8.230175352856326,2,0
wcl_linpower,forward_to_backward,17,11.660858287598295,0,0
wcl_linpower,forward_to_backward,18,4.9075601157256274,0,2
wcl_linpower,forward_to_backward,19,9.742138662047077,0,4
wcl_linpower,forward_to_backward,20,9.443247684580427,0,6
wcl_linpower,forward_to_backward,21,8.34831045637737,0,8
wcl_linpower,forward_to_backward,22,5.728900750885716,0,10
wcl_linpower,forward_to_backward,23,3.74189699300746,0,12
wcl_linpower,forward_to_backward,24,2.4880912992403115,0,14
wcl_linpower,forward_to_backward,25,1.0490581282543094,0,16
wcl_linpower,forward_to_backward,26,2.5189277251600624,0,18
wcl_linpower,forward_to_backward,27,3.876199418294473,0,20
wcl_linpower,forward_to_backward,28,4.65773721647403,0,22
wcl_linpower,forward_to_backward,29,1.256549266938655,0,24
wcl_linpower,forward_to_backward,30,1.6557432074669596,0,26
wcl_linpower,forward_to_backward,31,0.8087198080966457,0,28
wcl_linpower,forward_to_backward,32,1.8141032671394854,0,30
wcl_linpower,forward_to_backward,33,1.6684671354078817,0,32
wcl_linpower,forward_to_backward,34,3.795862288860809,0,34
wcl_linpower,forward_to_backward,35,4.984725692964111,0,36
wcl_linpower,forward_to_backward,36,3.171291973038846,0,38
wcl_linpower,forward_to_backward,37,3.7717380114552572,0,40
wcl_linpower,forward_to_backward,38,2.033900073886775,0,42
wcl_linpower,forward_to_backward,39,1.1530428480542707,0,44
wcl_linpower,forward_to_backward,40,2.1487341840287115,0,46
wcl_linpower,forward_to_backward,41,4.210910505552688,0,48
wcl_linpower,forward_to_backward,42,5.862659213970596,0,50
wcl_linpower,forward_to_backward,43,3.4794418153987334,0,52
wcl_linpower,forward_to_backward,44,5.037885469700136,0,54
wcl_linpower,forward_to_backward,45,5.523670668603135,0,56
wcl_linpower,forward_to_backward,46,5.1368336587886665,2,56
wcl_linpower,forward_to_backward,47,2.8167943200803895,4,56
wcl_linpower,forward_to_backward,48,1.1261082066504262,6,56
wcl_linpower,forward_to_backward,49,2.0298789752848307,8,56
wcl_linpower,forward_to_backward,50,1.4726948802242184,10,56
wcl_linpower,forward_to_backward,51,1.240211112729456,12,56
wcl_linpower,forward_to_backward,52,0.7010689256082908,14,56
wcl_linpower,forward_to_backward,53,0.33045589300164335,16,56
wcl_linpower,forward_to_backward,54,2.840965476655072,18,56
wcl_linpower,forward_to_backward,55,3.061039688656567,20,56
wcl_linpower,forward_to_backward,56,2.3491818591800357,22,56
wcl_linpower,forward_to_backward,57,2.087395573568065,24,56
wcl_linpower,forward_to_backward,58,1.3568604269753581,26,56
wcl_linpower,forward_to_backward,59,3.052584536221799,28,56
wcl_powerdomain,forward_to_backward,1,2.521122402712082,32,0
wcl_powerdomain,forward_to_backward,2,7.094744305861339,30,0
wcl_powerdomain,forward_to_backward,3,5.442401765228897,28,0
wcl_powerdomain,forward_to_backward,4,4.54578953740138,26,0
wcl_powerdomain,forward_to_backward,5,3.092761478685413,24,0
wcl_powerdomain,forward_to_backward,6,0.9983223890500509,22,0
wcl_powerdomain,forward_to_backward,7,1.7362202901905837,20,0
wcl_powerdomain,forward_to_backward,8,2.810494928217234,18,0
wcl_powerdomain,forward_to_backward,9,0.17684950769291258,16,0
wcl_powerdomain,forward_to_backward,10,0.9564407008643724,14,0
wcl_powerdomain,forward_to_backward,11,2.105289605653662,12,0
wcl_powerdomain,forward_to_backward,12,1.19170125762999,10,0
wcl_powerdomain,forward_to_backward,13,1.6814203252920394,8,0
wcl_powerdomain,forward_to_backward,14,3.962632533778379,6,0
wcl_powerdomain,forward_to_backward,15,5.143062900677329,4,0
wcl_powerdomain,forward_to_backward,16,12.169324421571217,2,0
wcl_powerdomain,forward_to_backward,17,11.162391644024266,0,0
wcl_powerdomain,forward_to_backward,18,2.502155048074334,0,2
wcl_powerdomain,forward_to_backward,19,9.018627421043963,0,4
wcl_powerdomain,forward_to_backward,20,9.414810736072134,0,6
wcl_powerdomain,forward_to_backward,21,7.795055211988487,0,8
wcl_powerdomain,forward_to_backward,22,5.696233203862501,0,10
wcl_powerdomain,forward_to_backward,23,3.7083640346278948,0,12
wcl_powerdomain,forward_to_backward,24,2.7426377214158966,0,14
wcl_powerdomain,forward_to_backward,25,1.051656436567231,0,16
wcl_powerdomain,forward_to_backward,26,2.5356979339052947,0,18
wcl_powerdomain,forward_to_backward,27,3.8479204223033063,0,20
wcl_powerdomain,forward_to_backward,28,4.848735691432658,0,22
wcl_powerdomain,forward_to_backward,29,1.9842188794627347,0,24
wcl_powerdomain,forward_to_backward,30,2.1306346477315845,0,26
wcl_powerdomain,forward_to_backward,31,0.6384496169421908,0,28
wcl_powerdomain,forward_to_backward,32,2.814764938962698,0,30
wcl_powerdomain,forward_to_backward,33,1.704081016339106,0,32
wcl_powerdomain,forward_to_backward,34,3.791007693029122,0,34
wcl_powerdomain,forward_to_backward,35,4.823649448504289,0,36
wcl_powerdomain,forward_to_backward,36,5.721120598101986,0,38
wcl_powerdomain,forward_to_backward,37,3.889205579987812,0,40
wcl_powerdomain,forward_to_backward,38,2.0493142851685424,0,42
wcl_powerdomain,forward_to_backward,39,1.1202948941015793,0,44
wcl_powerdomain,forward_to_backward,40,2.1583932242056405,0,46
wcl_powerdomain,forward_to_backward,41,4.369301359875952,0,48
wcl_powerdomain,forward_to_backward,42,5.840117413243515,0,50
wcl_powerdomain,forward_to_backward,43,3.402858379099406,0,52
wcl_powerdomain,forward_to_backward,44,5.031995356495413,0,54
wcl_powerdomain,forward_to_backward,45,5.48144037063893,0,56
wcl_powerdomain,forward_to_backward,46,4.805983851661869,2,56
wcl_powerdomain,forward_to_backward,47,3.1552833844467707,4,56
wcl_powerdomain,forward_to_backward,48,1.062728443190247,6,56
wcl_powerdomain,forward_to_backward,49,1.5403724424666752,8,56
wcl_powerdomain,forward_to_backward,50,1.6874452659900216,10,56
wcl_powerdomain,forward_to_backward,51,1.147920907040465,12,56
wcl_powerdomain,forward_to_backward,52,0.757260809567994,14,56
wcl_powerdomain,forward_to_backward,53,1.354090036462466,16,56
wcl_powerdomain,forward_to_backward,54,2.8709266736738748,18,56
wcl_powerdomain,forward_to_backward,55,3.3426684198141903,20,56
wcl_powerdomain,forward_to_backward,56,2.1068920438435783,22,56
wcl_powerdomain,forward_to_backward,57,2.0789649918512447,24,56
wcl_powerdomain,forward_to_backward,58,1.360527266746118,26,56
wcl_powerdomain,forward_to_backward,59,3.062647031465082,28,56
wcl_topl,forward_to_backward,1,2.521122402712082,32,0
wcl_topl,forward_to_backward,2,7.094744305861342,30,0
wcl_topl,forward_to_backward,3,5.442401765228894,28,0
wcl_topl,forward_to_backward,4,4.5457895374013875,26,0
wcl_topl,forward_to_backward,5,3.0927614786854165,24,0
wcl_topl,forward_to_backward,6,0.998322389050049,22,0
wcl_topl,forward_to_backward,7,1.7362202901905806,20,0
wcl_topl,forward_to_backward,8,2.8104949282172376,18,0
wcl_topl,forward_to_backward,9,0.1768495076929122,16,0
wcl_topl,forward_to_backward,10,0.9564407008643725,14,0
wcl_topl,forward_to_backward,11,2.105289605653662,12,0
wcl_topl,forward_to_backward,12,1.191701257629988,10,0
wcl_topl,forward_to_backward,13,1.6814203252920394,8,0
wcl_topl,forward_to_backward,14,3.962632533778377,6,0
wcl_topl,forward_to_backward,15,5.143062900677329,4,0
wcl_topl,forward_to_backward,16,12.169324421571217,2,0
wcl_topl,forward_to_backward,17,11.162391644024268,0,0
wcl_topl,forward_to_backward,18,2.5021550480743415,0,2
wcl_topl,forward_to_backward,19,9.018627421043965,0,4
wcl_topl,forward_to_backward,20,9.414810736072129,0,6
wcl_topl,forward_to_backward,21,7.795055211988485,0,8
wcl_topl,forward_to_backward,22,5.696233203862502,0,10
wcl_topl,forward_to_backward,23,3.7083640346279014,0,12
wcl_topl,forward_to_backward,24,2.7426377214158966,0,14
wcl_topl,forward_to_backward,25,1.051656436567231,0,16
wcl_topl,forward_to_backward,26,2.5356979339052947,0,18
wcl_topl,forward_to_backward,27,3.84792042230331,0,20
wcl_topl,forward_to_backward,28,4.848735691432658,0,22
wcl_topl,forward_to_backward,29,1.9842188794627382,0,24
wcl_topl,forward_to_backward,30,2.130634647731588,0,26
wcl_topl,forward_to_backward,31,0.638449616942192,0,28
wcl_topl,forward_to_backward,32,2.814764938962698,0,30
wcl_topl,forward_to_backward,33,1.704081016339109,0,32
wcl_topl,forward_to_backward,34,3.791007693029115,0,34
wcl_topl,forward_to_backward,35,4.823649448504286,0,36
wcl_topl,forward_to_backward,36,5.721120598101993,0,38
wcl_topl,forward_to_backward,37,3.8892055799878187,0,40
wcl_topl,forward_to_backward,38,2.0493142851685424,0,42
wcl_topl,forward_to_backward,39,1.1202948941015831,0,44
wcl_topl,forward_to_backward,40,2.1583932242056343,0,46
wcl_topl,forward_to_backward,41,4.3693013598759585,0,48
wcl_topl,forward_to_backward,42,5.840117413243515,0,50
wcl_topl,forward_to_backward,43,3.402858379099413,0,52
wcl_topl,forward_to_backward,44,5.031995356495413,0,54
wcl_topl,forward_to_backward,45,5.481440370638931,0,56
wcl_topl,forward_to_backward,46,4.805983851661868,2,56
wcl_topl,forward_to_backward,47,3.155283384446768,4,56
wcl_topl,forward_to_backward,48,1.0627284431902542,6,56
wcl_topl,forward_to_backward,49,1.5403724424666767,8,56
wcl_topl,forward_to_backward,50,1.687445265990021,10,56
wcl_topl,forward_to_backward,51,1.14792090704046,12,56
wcl_topl,forward_to_backward,52,0.7572608095679871,14,56
wcl_topl,forward_to_backward,53,1.3540900364624606,16,56
wcl_topl,forward_to_backward,54,2.8709266736738646,18,56
wcl_topl,forward_to_backward,55,3.342668419814198,20,56
wcl_topl,forward_to_backward,56,2.106892043843587,22,56
wcl_topl,forward_to_backward,57,2.0789649918512447,24,56
wcl_topl,forward_to_backward,58,1.3605272667461366,26,56
wcl_topl,forward_to_backward,59,3.062647031465079,28,56
wcl_varweight,forward_to_backward,1,2.359716246198881,32,0
wcl_varweight,forward_to_backward,2,6.51247012228123,30,0
wcl_varweight,forward_to_backward,3,6.479369956034939,28,0
wcl_varweight,forward_to_backward,4,4.231801233722241,26,0
wcl_varweight,forward_to_backward,5,2.4055972104356402,24,0
wcl_varweight,forward_to_backward,6,0.8753300797007305,22,0
wcl_varweight,forward_to_backward,7,1.843802860087768,20,0
wcl_varweight,forward_to_backward,8,7.668727663030621,18,0
wcl_varweight,forward_to_backward,9,3.877710525887924,16,0
wcl_varweight,forward_to_backward,10,1.1858786268050696,14,0
wcl_varweight,forward_to_backward,11,1.118397775910127,12,0
wcl_varweight,forward_to_backward,12,1.2663677717971253,10,0
wcl_varweight,forward_to_backward,13,1.8453266374253172,8,0
wcl_varweight,forward_to_backward,14,4.117311254370656,6,0
wcl_varweight,forward_to_backward,15,5.107670029271612,4,0
wcl_varweight,forward_to_backward,16,14.055976169250696,2,0
wcl_varweight,forward_to_backward,17,13.602942430194059,0,0
wcl_varweight,forward_to_backward,18,6.1536647579266495,0,2
wcl_varweight,forward_to_backward,19,3.270078052810665,0,4
wcl_varweight,forward_to_backward,20,9.204139038361305,0,6
wcl_varweight,forward_to_backward,21,7.588228504344042,0,8
wcl_varweight,forward_to_backward,22,5.421392732380821,0,10
wcl_varweight,forward_to_backward,23,3.5105650274810256,0,12
wcl_varweight,forward_to_backward,24,2.0492254209478085,0,14
wcl_varweight,forward_to_backward,25,1.0740973074535678,0,16
wcl_varweight,forward_to_backward,26,2.57221821360346,0,18
wcl_varweight,forward_to_backward,27,3.518242410864632,0,20
wcl_varweight,forward_to_backward,28,6.321062620633682,0,22
wcl_varweight,forward_to_backward,29,6.81294077785874,0,24
wcl_varweight,forward_to_backward,30,1.9998009228450644,0,26
wcl_varweight,forward_to_backward,31,4.761904919453884,0,28
wcl_varweight,forward_to_backward,32,8.333808226183805,0,30
wcl_varweight,forward_to_backward,33,1.7148330125096232,0,32
wcl_varweight,forward_to_backward,34,3.6999814466111154,0,34
wcl_varweight,forward_to_backward,35,7.067214959423043,0,36
wcl_varweight,forward_to_backward,36,7.3023053915780505,0,38
wcl_varweight,forward_to_backward,37,3.4173231730339753,0,40
wcl_varweight,forward_to_backward,38,0.9635252375443222,0,42
wcl_varweight,forward_to_backward,39,1.2556264540332198,0,44
wcl_varweight,forward_to_backward,40,2.6506803308323184,0,46
wcl_varweight,forward_to_backward,41,4.545271881839812,0,48
wcl_varweight,forward_to_backward,42,6.056370416469474,0,50
wcl_varweight,forward_to_backward,43,4.088876665576036,0,52
wcl_varweight,forward_to_backward,44,5.256761022382832,0,54
wcl_varweight,forward_to_backward,45,6.86054131257561,0,56
wcl_varweight,forward_to_backward,46,3.3287198969815406,2,56
wcl_varweight,forward_to_backward,47,9.340995606426178,4,56
wcl_varweight,forward_to_backward,48,1.7136246376563724,6,56
wcl_varweight,forward_to_backward,49,2.5767366752283256,8,56
wcl_varweight,forward_to_backward,50,0.24479436113671602,10,56
wcl_varweight,forward_to_backward,51,0.7592670458501398,12,56
wcl_varweight,forward_to_backward,52,0.9608033996372859,14,56
wcl_varweight,forward_to_backward,53,3.3304786977019636,16,56
wcl_varweight,forward_to_backward,54,0.8773403304537596,18,56
wcl_varweight,forward_to_backward,55,1.4397142126185856,20,56
wcl_varweight,forward_to_backward,56,1.1096405512410688,22,56
wcl_varweight,forward_to_backward,57,2.093301199167258,24,56
wcl_varweight,forward_to_backward,58,1.3998782934772607,26,56
wcl_varweight,forward_to_backward,59,3.0249553148773276,28,56
wknn,forward_to_backward,1,2.566095426423992,32,0
wknn,forward_to_backward,2,0.9823849910026858,30,0
wknn,forward_to_backward,3,0.061405809476859474,28,0
wknn,forward_to_backward,4,1.6061821671814975,26,0
wknn,forward_to_backward,5,0.18650867187205478,24,0
wknn,forward_to_backward,6,1.9154857905457092,22,0
wknn,forward_to_backward,7,0.08846506712152546,20,0
wknn,forward_to_backward,8,0.1308294388661011,18,0
wknn,forward_to_backward,9,0.1107598429937191,16,0
wknn,forward_to_backward,10,2.0511871800685153,14,0
wknn,forward_to_backward,11,0.4442578959343155,12,0
wknn,forward_to_backward,12,0.10509086645737042,10,0
wknn,forward_to_backward,13,0.18683214197163167,8,0
wknn,forward_to_backward,14,0.11578023187173692,6,0
wknn,forward_to_backward,15,1.4780133585321575,4,0
wknn,forward_to_backward,16,1.7799716518455284,2,0
wknn,forward_to_backward,17,1.6159194362741967,0,0
wknn,forward_to_backward,18,1.2954237428566815,0,2
wknn,forward_to_backward,19,0.11920262085599642,0,4
wknn,forward_to_backward,20,0.9651003408707313,0,6
wknn,forward_to_backward,21,0.22918492761327602,0,8
wknn,forward_to_backward,22,1.6683844197302538,0,10
wknn,forward_to_backward,23,0.2619541092605733,0,12
wknn,forward_to_backward,24,1.9085421658585453,0,14
wknn,forward_to_backward,25,0.9195781214711332,0,16
wknn,forward_to_backward,26,2.1045365669265106,0,18
wknn,forward_to_backward,27,1.586786098943744,0,20
wknn,forward_to_backward,28,1.593684024326901,0,22
wknn,forward_to_backward,29,2.2257184494136304,0,24
wknn,forward_to_backward,30,4.0910815560935845,0,26
wknn,forward_to_backward,31,4.136918414118529,0,28
wknn,forward_to_backward,32,4.76967637793506,0,30
wknn,forward_to_backward,33,4.509546244328654,0,32
wknn,forward_to_backward,34,8.827668462366763,0,34
wknn,forward_to_backward,35,5.9577209550360735,0,36
wknn,forward_to_backward,36,1.763693133460933,0,38
wknn,forward_to_backward,37,2.1755606258333344,0,40
wknn,forward_to_backward,38,0.21862515429502594,0,42
wknn,forward_to_backward,39,0.3592914877694966,0,44
wknn,forward_to_backward,40,1.3270995707787065,0,46
wknn,forward_to_backward,41,0.05072893121788269,0,48
wknn,forward_to_backward,42,1.4832512877051016,0,50
wknn,forward_to_backward,43,0.4962948865859147,0,52
wknn,forward_to_backward,44,1.4949332356610299,0,54
wknn,forward_to_backward,45,1.7452768170933561,0,56
wknn,forward_to_backward,46,1.6394885938823998,2,56
wknn,forward_to_backward,47,1.6021000227354323,4,56
wknn,forward_to_backward,48,0.23163612182983329,6,56
wknn,forward_to_backward,49,1.9465864021790296,8,56
wknn,forward_to_backward,50,2.394384825005985,10,56
wknn,forward_to_backward,51,3.8072870325717005,12,56
wknn,forward_to_backward,52,0.043415056643592465,14,56
wknn,forward_to_backward,53,1.6429398876819725,16,56
wknn,forward_to_backward,54,2.0132451788826096,18,56
wknn,forward_to_backward,55,2.074224237205012,20,56
wknn,forward_to_backward,56,1.2154128331589433,22,56
wknn,forward_to_backward,57,0.06466753065554798,24,56
wknn,forward_to_backward,58,1.4338700322808862,26,56
wknn,forward_to_backward,59,3.3102345781867193,28,56
centered_fp,backward_to_forward,1,1.4991979724997115,32,0
centered_fp,backward_to_forward,2,0.17270995217038632,30,0
centered_fp,backward_to_forward,3,3.8391672323049306,28,0
centered_fp,backward_to_forward,4,1.9191361752699727,26,0
centered_fp,backward_to_forward,5,0.01103525791062765,24,0
centered_fp,backward_to_forward,6,0.6673366089292436,22,0
centered_fp,backward_to_forward,7,1.688329892019972,20,0
centered_fp,backward_to_forward,8,0.8634910224252081,18,0
centered_fp,backward_to_forward,9,0.2027747304586427,16,0
centered_fp,backward_to_forward,10,0.11378399311235654,14,0
centered_fp,backward_to_forward,11,0.29314530040239717,12,0
centered_fp,backward_to_forward,12,0.016737867593757727,10,0
centered_fp,backward_to_forward,13,0.011183993085810862,8,0
centered_fp,backward_to_forward,14,0.24649042655411169,6,0
centered_fp,backward_to_forward,15,0.35748091474111465,4,0
centered_fp,backward_to_forward,16,1.8552921087419434,2,0
centered_fp,backward_to_forward,17,0.7041934255912253,0,0
centered_fp,backward_to_forward,18,0.18660787899019127,0,2
centered_fp,backward_to_forward,19,2.0419498963885534,0,4
centered_fp,backward_to_forward,20,1.7083510051882662,0,6
centered_fp,backward_to_forward,21,1.431776684516949,0,8
centered_fp,backward_to_forward,22,2.667179002029007,0,10
centered_fp,backward_to_forward,23,2.138498492012074,0,12
centered_fp,backward_to_forward,24,0.6791156352663172,0,14
centered_fp,backward_to_forward,25,1.778027668167427,0,16
centered_fp,backward_to_forward,26,1.5569369663311754,0,18
centered_fp,backward_to_forward,27,1.1529009998639417,0,20
centered_fp,backward_to_forward,28,0.029575217090123118,0,22
centered_fp,backward_to_forward,29,0.23829061761695058,0,24
centered_fp,backward_to_forward,30,4.916592671773003,0,26
centered_fp,backward_to_forward,31,2.581292336061015,0,28
centered_fp,backward_to_forward,32,1.9053633320454715,0,30
centered_fp,backward_to_forward,33,3.350555134885404,0,32
centered_fp,backward_to_forward,34,5.201924336321973,0,34
centered_fp,backward_to_forward,35,5.969324982139554,0,36
centered_fp,backward_to_forward,36,2.8417749082043784,0,38
centered_fp,backward_to_forward,37,2.153689425595701,0,40
centered_fp,backward_to_forward,38,0.5572122015485306,0,42
centered_fp,backward_to_forward,39,1.9052449494686243,0,44
centered_fp,backward_to_forward,40,0.021794149336649582,0,46
centered_fp,backward_to_forward,41,0.28272415591975886,0,48
centered_fp,backward_to_forward,42,0.4966381290080477,0,50
centered_fp,backward_to_forward,43,0.14896182222860688,0,52
centered_fp,backward_to_forward,44,0.15555395476765455,0,54
centered_fp,backward_to_forward,45,1.6170829793126913,0,56
centered_fp,backward_to_forward,46,2.0556775424095273,2,56
centered_fp,backward_to_forward,47,2.661083240171835,4,56
centered_fp,backward_to_forward,48,0.7183286824523005,6,56
centered_fp,backward_to_forward,49,1.5218072571915702,8,56
centered_fp,backward_to_forward,50,0.7623801312179204,10,56
centered_fp,backward_to_forward,51,0.15468881945465007,12,56
centered_fp,backward_to_forward,52,0.07394680819727739,14,56
centered_fp,backward_to_forward,53,0.036771833772949236,16,56
centered_fp,backward_to_forward,54,1.6090597810554428,18,56
centered_fp,backward_to_forward,55,2.4617132310875185,20,56
centered_fp,backward_to_forward,56,1.9390323944887697,22,56
centered_fp,backward_to_forward,57,2.2107368365815674,24,56
centered_fp,backward_to_forward,58,0.35332814978686145,26,56
centered_fp,backward_to_forward,59,1.5575697824990868,28,56
cla,backward_to_forward,1,12.003749414245531,32,0
cla,backward_to_forward,2,10.004498987955365,30,0
cla,backward_to_forward,3,8.00562302385017,28,0
cla,backward_to_forward,4,6.007495318350233,26,0
cla,backward_to_forward,5,4.011234224026316,24,0
cla,backward_to_forward,6,2.022374841615665,22,0
cla,backward_to_forward,7,0.3,20,0
cla,backward_to_forward,8,2.0223748416156684,18,0
cla,backward_to_forward,9,4.011234224026316,16,0
cla,backward_to_forward,10,6.007495318350236,14,0
cla,backward_to_forward,11,8.005623023850173,12,0
cla,backward_to_forward,12,10.004498987955369,10,0
cla,backward_to_forward,13,5.390629730271678,8,0
cla,backward_to_forward,14,14.003213916812097,6,0
cla,backward_to_forward,15,6.529335511537313,4,0
cla,backward_to_forward,16,8.24412248547749,2,0
cla,backward_to_forward,17,2.7406406388125952,0,0
cla,backward_to_forward,18,2.076321533652991,0,2
cla,backward_to_forward,19,7.726002272269345,0,4
cla,backward_to_forward,20,24.16896540791287,0,6
cla,backward_to_forward,21,22.16917279066186,0,8
cla,backward_to_forward,22,20.16942129947103,0,10
cla,backward_to_forward,23,18.16972451329103,0,12
cla,backward_to_forward,24,16.17010272763356,0,14
cla,backward_to_forward,25,14.170587692666652,0,16
cla,backward_to_forward,26,12.17123202017318,0,18
cla,backward_to_forward,27,10.172129679778086,0,20
cla,backward_to_forward,28,8.173466556826153,0,22
cla,backward_to_forward,29,6.175669104549637,0,24
cla,backward_to_forward,30,4.179978734661486,0,26
cla,backward_to_forward,31,2.1921577396609853,0,28
cla,backward_to_forward,32,0.3726779962499655,0,30
cla,backward_to_forward,33,1.8633899812498236,0,32
cla,backward_to_forward,34,3.8477987935383973,0,34
cla,backward_to_forward,35,9.04433524367601,0,36
cla,backward_to_forward,36,7.84042232422605,0,38
cla,backward_to_forward,37,9.838981428763626,0,40
cla,backward_to_forward,38,5.385164807134504,0,42
cla,backward_to_forward,39,5.2345009313209605,0,44
cla,backward_to_forward,40,15.836841716565697,0,46
cla,backward_to_forward,41,6.942621983083914,0,48
cla,backward_to_forward,42,6.3280679867116225,0,50
cla,backward_to_forward,43,6.405553146380967,0,52
cla,backward_to_forward,44,6.630568938216721,0,54
cla,backward_to_forward,45,14.647032312231564,0,56
cla,backward_to_forward,46,12.649198481414631,2,56
cla,backward_to_forward,47,10.652177659468926,4,56
cla,backward_to_forward,48,8.656532536504182,6,56
cla,backward_to_forward,49,6.663499247559214,8,56
cla,backward_to_forward,50,4.676418382575374,10,56
cla,backward_to_forward,51,2.708423075436248,12,56
cla,backward_to_forward,52,0.8956685895029546,14,56
cla,backward_to_forward,53,1.5062831370259977,16,56
cla,backward_to_forward,54,3.4257197135135775,18,56
cla,backward_to_forward,55,5.403908050866726,20,56
cla,backward_to_forward,56,7.393841281018202,22,56
cla,backward_to_forward,57,9.388053874768485,24,56
cla,backward_to_forward,58,11.384297177350135,26,56
cla,backward_to_forward,59,13.381662411258509,28,56
gp_corridor,backward_to_forward,1,1.3678912150906015,32,0
gp_corridor,backward_to_forward,2,0.9670921006558757,30,0
gp_corridor,backward_to_forward,3,2.894449986816028,28,0
gp_corridor,backward_to_forward,4,0.9977953538111848,26,0
gp_corridor,backward_to_forward,5,0.7942428301733884,24,0
gp_corridor,backward_to_forward,6,0.3709639898438226,22,0
gp_corridor,backward_to_forward,7,0.35829568698996894,20,0
gp_corridor,backward_to_forward,8,0.9705096568424736,18,0
gp_corridor,backward_to_forward,9,0.9993365534076659,16,0
gp_corridor,backward_to_forward,10,0.3990283850922154,14,0
gp_corridor,backward_to_forward,11,0.9529886852826337,12,0
gp_corridor,backward_to_forward,12,0.4621467335758247,10,0
gp_corridor,backward_to_forward,13,0.889186170646532,8,0
gp_corridor,backward_to_forward,14,0.6230635051733593,6,0
gp_corridor,backward_to_forward,15,0.392551435474811,4,0
gp_corridor,backward_to_forward,16,2.401206439987334,2,0
gp_corridor,backward_to_forward,17,0.012959212276165033,0,0
gp_corridor,backward_to_forward,18,0.010949653072977128,0,2
gp_corridor,backward_to_forward,19,4.755726332956485,0,4
gp_corridor,backward_to_forward,20,3.2967421680210194,0,6
gp_corridor,backward_to_forward,21,1.2680515276754818,0,8
gp_corridor,backward_to_forward,22,2.0954681260763834,0,10
gp_corridor,backward_to_forward,23,0.27107157163694495,0,12
gp_corridor,backward_to_forward,24,0.22375342333602077,0,14
gp_corridor,backward_to_forward,25,0.8191166383296817,0,16
gp_corridor,backward_to_forward,26,1.0294768718653557,0,18
gp_corridor,backward_to_forward,27,1.4762027031797658,0,20
gp_corridor,backward_to_forward,28,0.016202758246748772,0,22
gp_corridor,backward_to_forward,29,0.7117363157872489,0,24
gp_corridor,backward_to_forward,30,2.821846119172765,0,26
gp_corridor,backward_to_forward,31,2.814179526107054,0,28
gp_corridor,backward_to_forward,32,2.416218839109618,0,30
gp_corridor,backward_to_forward,33,0.32200570050619604,0,32
gp_corridor,backward_to_forward,34,0.9070405903491405,0,34
gp_corridor,backward_to_forward,35,1.1929560057641453,0,36
gp_corridor,backward_to_forward,36,1.6075854202540825,0,38
gp_corridor,backward_to_forward,37,0.9638996520920955,0,40
gp_corridor,backward_to_forward,38,0.21123092377783337,0,42
gp_corridor,backward_to_forward,39,0.3150764762165892,0,44
gp_corridor,backward_to_forward,40,0.39715456463611076,0,46
gp_corridor,backward_to_forward,41,0.5363758359166866,0,48
gp_corridor,backward_to_forward,42,0.5616957224952017,0,50
gp_corridor,backward_to_forward,43,0.2576435269393187,0,52
gp_corridor,backward_to_forward,44,0.43343544495552067,0,54
gp_corridor,backward_to_forward,45,0.577714366127509,0,56
gp_corridor,backward_to_forward,46,1.9202504990969373,2,56
gp_corridor,backward_to_forward,47,0.5037959346625627,4,56
gp_corridor,backward_to_forward,48,0.7672049674089436,6,56
gp_corridor,backward_to_forward,49,1.0030425025274354,8,56
gp_corridor,backward_to_forward,50,1.9173601576198962,10,56
gp_corridor,backward_to_forward,51,0.10845578074885509,12,56
gp_corridor,backward_to_forward,52,2.1305609829392296,14,56
gp_corridor,backward_to_forward,53,0.7982801522273348,16,56
gp_corridor,backward_to_forward,54,0.06168060681382315,18,56
gp_corridor,backward_to_forward,55,2.5196652302439446,20,56
gp_corridor,backward_to_forward,56,0.5264958802838464,22,56
gp_corridor,backward_to_forward,57,2.2780473024939027,24,56
gp_corridor,backward_to_forward,58,1.3013452926443847,26,56
gp_corridor,backward_to_forward,59,1.9501906540451444,28,56
multiband_wcl,backward_to_forward,1,3.500207654770427,32,0
multiband_wcl,backward_to_forward,2,5.809144711563207,30,0
multiband_wcl,backward_to_forward,3,4.1047317099478535,28,0
multiband_wcl,backward_to_forward,4,4.271736898749718,26,0
multiband_wcl,backward_to_forward,5,3.209832956237722,24,0
multiband_wcl,backward_to_forward,6,1.426010905247158,22,0
multiband_wcl,backward_to_forward,7,2.0251057825908005,20,0
multiband_wcl,backward_to_forward,8,1.1886127446016224,18,0
multiband_wcl,backward_to_forward,9,2.980578504285773,16,0
multiband_wcl,backward_to_forward,10,1.685064364192656,14,0
multiband_wcl,backward_to_forward,11,0.6513247390731073,12,0
multiband_wcl,backward_to_forward,12,1.1718187170693375,10,0
multiband_wcl,backward_to_forward,13,1.5956467048078744,8,0
multiband_wcl,backward_to_forward,14,3.8133075325178267,6,0
multiband_wcl,backward_to_forward,15,6.15241271507174,4,0
multiband_wcl,backward_to_forward,16,8.511497161049345,2,0
multiband_wcl,backward_to_forward,17,4.882018562515858,0,0
multiband_wcl,backward_to_forward,18,9.494134142224118,0,2
multiband_wcl,backward_to_forward,19,12.989543498084274,0,4
multiband_wcl,backward_to_forward,20,11.653864468180286,0,6
multiband_wcl,backward_to_forward,21,9.459488277163048,0,8
multiband_wcl,backward_to_forward,22,7.466385432761652,0,10
multiband_wcl,backward_to_forward,23,5.247008907503762,0,12
multiband_wcl,backward_to_forward,24,2.1032710813680975,0,14
multiband_wcl,backward_to_forward,25,0.9544223369336787,0,16
multiband_wcl,backward_to_forward,26,1.6782027108235706,0,18
multiband_wcl,backward_to_forward,27,0.533968035227225,0,20
multiband_wcl,backward_to_forward,28,3.7138849289239135,0,22
multiband_wcl,backward_to_forward,29,4.212928269705655,0,24
multiband_wcl,backward_to_forward,30,4.128945428440395,0,26
multiband_wcl,backward_to_forward,31,2.2224378733005934,0,28
multiband_wcl,backward_to_forward,32,1.308306329814352,0,30
multiband_wcl,backward_to_forward,33,1.3524376971824554,0,32
multiband_wcl,backward_to_forward,34,3.411068743875015,0,34
multiband_wcl,backward_to_forward,35,2.591582252734437,0,36
multiband_wcl,backward_to_forward,36,3.4445207863705884,0,38
multiband_wcl,backward_to_forward,37,1.7916292862850416,0,40
multiband_wcl,backward_to_forward,38,2.023370060696177,0,42
multiband_wcl,backward_to_forward,39,1.1101236831842292,0,44
multiband_wcl,backward_to_forward,40,3.14038070586231,0,46
multiband_wcl,backward_to_forward,41,5.315511871138832,0,48
multiband_wcl,backward_to_forward,42,7.352020516737814,0,50
multiband_wcl,backward_to_forward,43,4.189249416516324,0,52
multiband_wcl,backward_to_forward,44,4.602429324679273,0,54
multiband_wcl,backward_to_forward,45,5.793631644953125,0,56
multiband_wcl,backward_to_forward,46,5.894325587089695,2,56
multiband_wcl,backward_to_forward,47,3.5881128789953656,4,56
multiband_wcl,backward_to_forward,48,2.166640296325634,6,56
multiband_wcl,backward_to_forward,49,3.1161567557128227,8,56
multiband_wcl,backward_to_forward,50,4.267039767974327,10,56
multiband_wcl,backward_to_forward,51,3.1889216851041935,12,56
multiband_wcl,backward_to_forward,52,1.2250504488222307,14,56
multiband_wcl,backward_to_forward,53,0.6386315775488577,16,56
multiband_wcl,backward_to_forward,54,0.6759348903858423,18,56
multiband_wcl,backward_to_forward,55,5.03243174770403,20,56
multiband_wcl,backward_to_forward,56,3.4925051727952288,22,56
multiband_wcl,backward_to_forward,57,1.9271696080740104,24,56
multiband_wcl,backward_to_forward,58,1.3559263327364672,26,56
multiband_wcl,backward_to_forward,59,2.703354496489698,28,56
pbl,backward_to_forward,1,2.1470910553583873,32,0
pbl,backward_to_forward,2,9.2655275079188,30,0
pbl,backward_to_forward,3,7.283543093852057,28,0
pbl,backward_to_forward,4,5.315072906367324,26,0
pbl,backward_to_forward,5,3.3837848631377256,24,0
pbl,backward_to_forward,6,1.6278820596099701,22,0
pbl,backward_to_forward,7,1.360147050873545,20,0
pbl,backward_to_forward,8,3.0083217912982656,18,0
pbl,backward_to_forward,9,4.924428900898053,16,0
pbl,backward_to_forward,10,5.000999900019996,14,0
pbl,backward_to_forward,11,3.0675723300355937,12,0
pbl,backward_to_forward,12,1.3453624047073713,10,0
pbl,backward_to_forward,13,1.4866068747318502,8,0
pbl,backward_to_forward,14,3.2572994949804657,6,0
pbl,backward_to_forward,15,5.197114584074513,4,0
pbl,backward_to_forward,16,7.170076708097341,2,0
pbl,backward_to_forward,17,9.154780172128657,0,0
pbl,backward_to_forward,18,13.636715146984628,0,2
pbl,backward_to_forward,19,11.643023662262308,0,4
pbl,backward_to_forward,20,9.651942809610922,0,6
pbl,backward_to_forward,21,7.66550715869472,0,8
pbl,backward_to_forward,22,5.688585061331157,0,10
pbl,backward_to_forward,23,3.7363083384538807,0,12
pbl,backward_to_forward,24,1.8867962264113205,0,14
pbl,backward_to_forward,25,1.077032961426901,0,16
pbl,backward_to_forward,26,2.6,0,18
pbl,backward_to_forward,27,4.512205669071391,0,20
pbl,backward_to_forward,28,8.75728268357257,0,22
pbl,backward_to_forward,29,6.774215821775979,0,24
pbl,backward_to_forward,30,4.805205510693584,0,26
pbl,backward_to_forward,31,2.879236009777593,0,28
pbl,backward_to_forward,32,1.2206555615733699,0,30
pbl,backward_to_forward,33,1.6401219466856731,0,32
pbl,backward_to_forward,34,3.4481879299133342,0,34
pbl,backward_to_forward,35,8.260750571225357,0,36
pbl,backward_to_forward,36,6.280127387243035,0,38
pbl,backward_to_forward,37,4.317406628984584,0,40
pbl,backward_to_forward,38,2.4166091947189168,0,42
pbl,backward_to_forward,39,1.0198039027185575,0,44
pbl,backward_to_forward,40,2.0591260281973973,0,46
pbl,backward_to_forward,41,3.9293765408776973,0,48
pbl,backward_to_forward,42,5.885575587824862,0,50
pbl,backward_to_forward,43,7.017834423809098,0,52
pbl,backward_to_forward,44,5.661271941887263,0,54
pbl,backward_to_forward,45,4.780167361086847,0,56
pbl,backward_to_forward,46,2.906888370749725,2,56
pbl,backward_to_forward,47,1.4317821063276326,4,56
pbl,backward_to_forward,48,1.9104973174542783,6,56
pbl,backward_to_forward,49,5.643580423808985,8,56
pbl,backward_to_forward,50,3.66742416417845,10,56
pbl,backward_to_forward,51,1.7464249196572987,12,56
pbl,backward_to_forward,52,0.8062257748298576,14,56
pbl,backward_to_forward,53,2.500000000000001,16,56
pbl,backward_to_forward,54,4.455333881989094,18,56
pbl,backward_to_forward,55,5.8463663928973855,20,56
pbl,backward_to_forward,56,3.921734310225514,22,56
pbl,backward_to_forward,57,2.1400934559032674,24,56
pbl,backward_to_forward,58,1.3341664064126308,26,56
pbl,backward_to_forward,59,2.6419689627245804,28,56
rank_fp,backward_to_forward,1,0.7908159256517031,32,0
rank_fp,backward_to_forward,2,0.10488633605861253,30,0
rank_fp,backward_to_forward,3,1.6957660714955836,28,0
rank_fp,backward_to_forward,4,0.1794431096574911,26,0
rank_fp,backward_to_forward,5,0.14081613927917047,24,0
rank_fp,backward_to_forward,6,0.30454045616615133,22,0
rank_fp,backward_to_forward,7,0.0010210721629491104,20,0
rank_fp,backward_to_forward,8,1.698239562007867,18,0
rank_fp,backward_to_forward,9,0.05152673171302524,16,0
rank_fp,backward_to_forward,10,0.1280343707582876,14,0
rank_fp,backward_to_forward,11,0.14107140779034388,12,0
rank_fp,backward_to_forward,12,0.5513504586644835,10,0
rank_fp,backward_to_forward,13,0.05289424458293901,8,0
rank_fp,backward_to_forward,14,0.547097018633429,6,0
rank_fp,backward_to_forward,15,0.539014917166869,4,0
rank_fp,backward_to_forward,16,19.24218855822799,2,0
rank_fp,backward_to_forward,17,1.109037206637239,0,0
rank_fp,backward_to_forward,18,1.5960502974373374,0,2
rank_fp,backward_to_forward,19,6.092958613815236,0,4
rank_fp,backward_to_forward,20,9.361139894570426,0,6
rank_fp,backward_to_forward,21,1.6642675575847203,0,8
rank_fp,backward_to_forward,22,3.67649813997871,0,10
rank_fp,backward_to_forward,23,0.5129071682592024,0,12
rank_fp,backward_to_forward,24,1.7135346505679419,0,14
rank_fp,backward_to_forward,25,0.050744087080255795,0,16
rank_fp,backward_to_forward,26,0.9100341932557328,0,18
rank_fp,backward_to_forward,27,2.018900435918578,0,20
rank_fp,backward_to_forward,28,0.6740366842165919,0,22
rank_fp,backward_to_forward,29,2.4057792114905325,0,24
rank_fp,backward_to_forward,30,2.256140537185619,0,26
rank_fp,backward_to_forward,31,3.0662131550602787,0,28
rank_fp,backward_to_forward,32,2.2100645924091324,0,30
rank_fp,backward_to_forward,33,1.2625286908278284,0,32
rank_fp,backward_to_forward,34,0.09314463916586391,0,34
rank_fp,backward_to_forward,35,0.06620671493649866,0,36
rank_fp,backward_to_forward,36,2.7166377041074554,0,38
rank_fp,backward_to_forward,37,1.761936634213349,0,40
rank_fp,backward_to_forward,38,1.9965490913217039,0,42
rank_fp,backward_to_forward,39,0.2304447754573573,0,44
rank_fp,backward_to_forward,40,0.04429116523076715,0,46
rank_fp,backward_to_forward,41,0.0729279294975953,0,48
rank_fp,backward_to_forward,42,0.047052492406081114,0,50
rank_fp,backward_to_forward,43,0.5528747400348522,0,52
rank_fp,backward_to_forward,44,10.107197565960469,0,54
rank_fp,backward_to_forward,45,0.6540215052503293,0,56
rank_fp,backward_to_forward,46,1.148758262691202,2,56
rank_fp,backward_to_forward,47,0.12131379658335684,4,56
rank_fp,backward_to_forward,48,1.4250857899487075,6,56
rank_fp,backward_to_forward,49,0.1117888576004118,8,56
rank_fp,backward_to_forward,50,0.33878224073811225,10,56
rank_fp,backward_to_forward,51,0.5458473629489653,12,56
rank_fp,backward_to_forward,52,1.9372848410830859,14,56
rank_fp,backward_to_forward,53,0.2556194573640074,16,56
rank_fp,backward_to_forward,54,0.155147334800521,18,56
rank_fp,backward_to_forward,55,0.055478309615885735,20,56
rank_fp,backward_to_forward,56,0.9720887720859146,22,56
rank_fp,backward_to_forward,57,2.3546793548761507,24,56
rank_fp,backward_to_forward,58,0.9047896332633343,26,56
rank_fp,backward_to_forward,59,1.6229262174248689,28,56
studentt_fp,backward_to_forward,1,0.21866993119014566,32,0
studentt_fp,backward_to_forward,2,1.9639213841221093,30,0
studentt_fp,backward_to_forward,3,2.0165125663841152,28,0
studentt_fp,backward_to_forward,4,0.024261289674019082,26,0
studentt_fp,backward_to_forward,5,0.008887118478583034,24,0
studentt_fp,backward_to_forward,6,0.021119795293607524,22,0
studentt_fp,backward_to_forward,7,0.004107170253391246,20,0
studentt_fp,backward_to_forward,8,1.9892398569357326,18,0
studentt_fp,backward_to_forward,9,1.7688881122813491,16,0
studentt_fp,backward_to_forward,10,0.0015757383534182878,14,0
studentt_fp,backward_to_forward,11,1.8249630762123825,12,0
studentt_fp,backward_to_forward,12,0.023465562366014936,10,0
studentt_fp,backward_to_forward,13,1.9776976765957546,8,0
studentt_fp,backward_to_forward,14,1.0724077355971753,6,0
studentt_fp,backward_to_forward,15,0.16792782424511277,4,0
studentt_fp,backward_to_forward,16,0.030202610100054095,2,0
studentt_fp,backward_to_forward,17,0.0002952514658494394,0,0
studentt_fp,backward_to_forward,18,0.0004970085700996702,0,2
studentt_fp,backward_to_forward,19,3.827888177792228,0,4
studentt_fp,backward_to_forward,20,2.349471581428727,0,6
studentt_fp,backward_to_forward,21,1.9322752207854297,0,8
studentt_fp,backward_to_forward,22,2.8143704853427653,0,10
studentt_fp,backward_to_forward,23,1.0671691756728094,0,12
studentt_fp,backward_to_forward,24,0.17145753021440235,0,14
studentt_fp,backward_to_forward,25,1.4710625976879719,0,16
studentt_fp,backward_to_forward,26,0.0023834775172737466,0,18
studentt_fp,backward_to_forward,27,1.6853251101500604,0,20
studentt_fp,backward_to_forward,28,2.4661281271161073,0,22
studentt_fp,backward_to_forward,29,1.9398339851480877,0,24
studentt_fp,backward_to_forward,30,3.376897008837709,0,26
studentt_fp,backward_to_forward,31,1.9368176199749811,0,28
studentt_fp,backward_to_forward,32,1.999126643386063,0,30
studentt_fp,backward_to_forward,33,0.0009865311146413092,0,32
studentt_fp,backward_to_forward,34,0.0036607507956887934,0,34
studentt_fp,backward_to_forward,35,1.1846514401145072,0,36
studentt_fp,backward_to_forward,36,2.0994419970615397,0,38
studentt_fp,backward_to_forward,37,0.48680689879478933,0,40
studentt_fp,backward_to_forward,38,1.2324072339617516,0,42
studentt_fp,backward_to_forward,39,1.7915271906624781,0,44
studentt_fp,backward_to_forward,40,9.23865154339496e-06,0,46
studentt_fp,backward_to_forward,41,0.01573731633812514,0,48
studentt_fp,backward_to_forward,42,0.22981901594678789,0,50
studentt_fp,backward_to_forward,43,1.7676128404321503,0,52
studentt_fp,backward_to_forward,44,4.399790644304468e-05,0,54
studentt_fp,backward_to_forward,45,1.5592381070061103,0,56
studentt_fp,backward_to_forward,46,0.03420507548452445,2,56
studentt_fp,backward_to_forward,47,0.4434787480492233,4,56
studentt_fp,backward_to_forward,48,0.001628301934397669,6,56
studentt_fp,backward_to_forward,49,0.059341993468375875,8,56
studentt_fp,backward_to_forward,50,1.0429998948902632,10,56
studentt_fp,backward_to_forward,51,0.008170984783660629,12,56
studentt_fp,backward_to_forward,52,0.20625330571703415,14,56
studentt_fp,backward_to_forward,53,0.15136504401695028,16,56
studentt_fp,backward_to_forward,54,0.023472345632164604,18,56
studentt_fp,backward_to_forward,55,0.982222478721031,20,56
studentt_fp,backward_to_forward,56,4.68725172801361,22,56
studentt_fp,backward_to_forward,57,2.7799833758184818,24,56
studentt_fp,backward_to_forward,58,1.9565910040219165,26,56
studentt_fp,backward_to_forward,59,1.390078787524871,28,56
wcl,backward_to_forward,1,2.7484396610140363,32,0
wcl,backward_to_forward,2,6.217081951386053,30,0
wcl,backward_to_forward,3,3.902021604083424,28,0
wcl,backward_to_forward,4,4.524553492059339,26,0
wcl,backward_to_forward,5,3.3951213206785815,24,0
wcl,backward_to_forward,6,1.4105239593085988,22,0
wcl,backward_to_forward,7,3.220260992871159,20,0
wcl,backward_to_forward,8,1.7100498850252015,18,0
wcl,backward_to_forward,9,0.6735179584864492,16,0
wcl,backward_to_forward,10,3.1726156468758626,14,0
wcl,backward_to_forward,11,0.6041912878001191,12,0
wcl,backward_to_forward,12,1.2650433411125837,10,0
wcl,backward_to_forward,13,1.6251715809130378,8,0
wcl,backward_to_forward,14,3.531080308500525,6,0
wcl,backward_to_forward,15,5.22185019533697,4,0
wcl,backward_to_forward,16,7.773540691470667,2,0
wcl,backward_to_forward,17,3.8096396763308755,0,0
wcl,backward_to_forward,18,8.61846098966652,0,2
wcl,backward_to_forward,19,11.850898243554452,0,4
wcl,backward_to_forward,20,10.491388226829166,0,6
wcl,backward_to_forward,21,8.237149476170977,0,8
wcl,backward_to_forward,22,6.1143314270420674,0,10
wcl,backward_to_forward,23,3.9310232327518557,0,12
wcl,backward_to_forward,24,1.9657207498801057,0,14
wcl,backward_to_forward,25,0.9532669952185469,0,16
wcl,backward_to_forward,26,2.1905365469977407,0,18
wcl,backward_to_forward,27,1.204308429444858,0,20
wcl,backward_to_forward,28,4.40242788271978,0,22
wcl,backward_to_forward,29,5.330992563610943,0,24
wcl,backward_to_forward,30,4.268226611266522,0,26
wcl,backward_to_forward,31,2.509744525514262,0,28
wcl,backward_to_forward,32,1.2338119038222217,0,30
wcl,backward_to_forward,33,0.9980126456684714,0,32
wcl,backward_to_forward,34,3.127498935687062,0,34
wcl,backward_to_forward,35,4.53943253759679,0,36
wcl,backward_to_forward,36,4.327758809573705,0,38
wcl,backward_to_forward,37,3.975294614168876,0,40
wcl,backward_to_forward,38,2.436512097882259,0,42
wcl,backward_to_forward,39,1.1871864193952306,0,44
wcl,backward_to_forward,40,2.1432895140196897,0,46
wcl,backward_to_forward,41,3.985952580564561,0,48
wcl,backward_to_forward,42,5.041351347820917,0,50
wcl,backward_to_forward,43,3.442301459905644,0,52
wcl,backward_to_forward,44,5.750565939057637,0,54
wcl,backward_to_forward,45,6.622908486658587,0,56
wcl,backward_to_forward,46,6.439637076272199,2,56
wcl,backward_to_forward,47,1.8911980622397082,4,56
wcl,backward_to_forward,48,1.2869812991581413,6,56
wcl,backward_to_forward,49,2.579372703470166,8,56
wcl,backward_to_forward,50,3.4867978709078526,10,56
wcl,backward_to_forward,51,1.722540844177456,12,56
wcl,backward_to_forward,52,0.7793904773350749,14,56
wcl,backward_to_forward,53,2.060175310778745,16,56
wcl,backward_to_forward,54,0.469210356492933,18,56
wcl,backward_to_forward,55,4.82245433656768,20,56
wcl,backward_to_forward,56,3.4018602014090047,22,56
wcl,backward_to_forward,57,1.8705991576621879,24,56
wcl,backward_to_forward,58,1.354527412541779,26,56
wcl,backward_to_forward,59,2.6942460535084165,28,56
wcl_blacklist,backward_to_forward,1,2.7484396610140363,32,0
wcl_blacklist,backward_to_forward,2,6.217081951386053,30,0
wcl_blacklist,backward_to_forward,3,3.902021604083424,28,0
wcl_blacklist,backward_to_forward,4,4.524553492059339,26,0
wcl_blacklist,backward_to_forward,5,3.3951213206785815,24,0
wcl_blacklist,backward_to_forward,6,1.4105239593085988,22,0
wcl_blacklist,backward_to_forward,7,3.220260992871159,20,0
wcl_blacklist,backward_to_forward,8,1.7100498850252015,18,0
wcl_blacklist,backward_to_forward,9,0.6735179584864492,16,0
wcl_blacklist,backward_to_forward,10,3.1726156468758626,14,0
wcl_blacklist,backward_to_forward,11,0.6041912878001191,12,0
wcl_blacklist,backward_to_forward,12,1.2650433411125837,10,0
wcl_blacklist,backward_to_forward,13,1.704716777801085,8,0
wcl_blacklist,backward_to_forward,14,3.531080308500525,6,0
wcl_blacklist,backward_to_forward,15,6.511458882843107,4,0
wcl_blacklist,backward_to_forward,16,8.386144422892949,2,0
wcl_blacklist,backward_to_forward,17,8.652893344127863,0,0
wcl_blacklist,backward_to_forward,18,12.49256254697546,0,2
wcl_blacklist,backward_to_forward,19,12.020856005917459,0,4
wcl_blacklist,backward_to_forward,20,10.491388226829166,0,6
wcl_blacklist,backward_to_forward,21,8.237149476170977,0,8
wcl_blacklist,backward_to_forward,22,6.1143314270420674,0,10
wcl_blacklist,backward_to_forward,23,3.9310232327518557,0,12
wcl_blacklist,backward_to_forward,24,1.9657207498801057,0,14
wcl_blacklist,backward_to_forward,25,0.9532669952185469,0,16
wcl_blacklist,backward_to_forward,26,2.1905365469977407,0,18
wcl_blacklist,backward_to_forward,27,1.204308429444858,0,20
wcl_blacklist,backward_to_forward,28,4.40242788271978,0,22
wcl_blacklist,backward_to_forward,29,5.330992563610943,0,24
wcl_blacklist,backward_to_forward,30,4.268226611266522,0,26
wcl_blacklist,backward_to_forward,31,2.509744525514262,0,28
wcl_blacklist,backward_to_forward,32,1.2338119038222217,0,30
wcl_blacklist,backward_to_forward,33,0.9980126456684714,0,32
wcl_blacklist,backward_to_forward,34,3.127498935687062,0,34
wcl_blacklist,backward_to_forward,35,4.53943253759679,0,36
wcl_blacklist,backward_to_forward,36,4.327758809573705,0,38
wcl_blacklist,backward_to_forward,37,3.975294614168876,0,40
wcl_blacklist,backward_to_forward,38,2.436512097882259,0,42
wcl_blacklist,backward_to_forward,39,1.1871864193952306,0,44
wcl_blacklist,backward_to_forward,40,2.1432895140196897,0,46
wcl_blacklist,backward_to_forward,41,3.985952580564561,0,48
wcl_blacklist,backward_to_forward,42,5.041351347820917,0,50
wcl_blacklist,backward_to_forward,43,3.442301459905644,0,52
wcl_blacklist,backward_to_forward,44,5.750565939057637,0,54
wcl_blacklist,backward_to_forward,45,6.622908486658587,0,56
wcl_blacklist,backward_to_forward,46,6.439637076272199,2,56
wcl_blacklist,backward_to_forward,47,1.8911980622397082,4,56
wcl_blacklist,backward_to_forward,48,1.2869812991581413,6,56
wcl_blacklist,backward_to_forward,49,2.579372703470166,8,56
wcl_blacklist,backward_to_forward,50,3.4867978709078526,10,56
wcl_blacklist,backward_to_forward,51,1.722540844177456,12,56
wcl_blacklist,backward_to_forward,52,0.7793904773350749,14,56
wcl_blacklist,backward_to_forward,53,2.060175310778745,16,56
wcl_blacklist,backward_to_forward,54,0.469210356492933,18,56
wcl_blacklist,backward_to_forward,55,4.82245433656768,20,56
wcl_blacklist,backward_to_forward,56,3.4018602014090047,22,56
wcl_blacklist,backward_to_forward,57,1.8705991576621879,24,56
wcl_blacklist,backward_to_forward,58,1.354527412541779,26,56
wcl_blacklist,backward_to_forward,59,2.6942460535084165,28,56
wcl_corridor,backward_to_forward,1,2.609829261563803,32,0
wcl_corridor,backward_to_forward,2,6.204930642921333,30,0
wcl_corridor,backward_to_forward,3,3.8931417333147884,28,0
wcl_corridor,backward_to_forward,4,4.434770063499311,26,0
wcl_corridor,backward_to_forward,5,3.2170475798961533,24,0
wcl_corridor,backward_to_forward,6,1.0398368725570002,22,0
wcl_corridor,backward_to_forward,7,3.211332752543374,20,0
wcl_corridor,backward_to_forward,8,1.6328083006141867,18,0
wcl_corridor,backward_to_forward,9,0.6520821881513115,16,0
wcl_corridor,backward_to_forward,10,3.0908136483360984,14,0
wcl_corridor,backward_to_forward,11,0.14023486793272966,12,0
wcl_corridor,backward_to_forward,12,0.78080269267274,10,0
wcl_corridor,backward_to_forward,13,1.316987002386881,8,0
wcl_corridor,backward_to_forward,14,3.3895625853817712,6,0
wcl_corridor,backward_to_forward,15,5.21839195315065,4,0
wcl_corridor,backward_to_forward,16,7.755809203713618,2,0
wcl_corridor,backward_to_forward,17,3.8002210064506876,0,0
wcl_corridor,backward_to_forward,18,8.617794803185975,0,2
wcl_corridor,backward_to_forward,19,11.811643450893333,0,4
wcl_corridor,backward_to_forward,20,10.453100341572657,0,6
wcl_corridor,backward_to_forward,21,8.182797826810724,0,8
wcl_corridor,backward_to_forward,22,6.040295701013939,0,10
wcl_corridor,backward_to_forward,23,3.8070030152201255,0,12
wcl_corridor,backward_to_forward,24,1.6981243946240347,0,14
wcl_corridor,backward_to_forward,25,0.005439592841309349,0,16
wcl_corridor,backward_to_forward,26,1.9751598171492972,0,18
wcl_corridor,backward_to_forward,27,1.1580011429821226,0,20
wcl_corridor,backward_to_forward,28,4.384737181703429,0,22
wcl_corridor,backward_to_forward,29,5.27970003946513,0,24
wcl_corridor,backward_to_forward,30,4.175602848758288,0,26
wcl_corridor,backward_to_forward,31,2.333232882465815,0,28
wcl_corridor,backward_to_forward,32,0.7676808563572095,0,30
wcl_corridor,backward_to_forward,33,0.35772976902400444,0,32
wcl_corridor,backward_to_forward,34,3.0088434116906697,0,34
wcl_corridor,backward_to_forward,35,4.358295875738349,0,36
wcl_corridor,backward_to_forward,36,4.2187599523253,0,38
wcl_corridor,backward_to_forward,37,3.8500011281573947,0,40
wcl_corridor,backward_to_forward,38,2.195872281290413,0,42
wcl_corridor,backward_to_forward,39,0.2708336914097629,0,44
wcl_corridor,backward_to_forward,40,1.8983327926700326,0,46
wcl_corridor,backward_to_forward,41,3.831615537675212,0,48
wcl_corridor,backward_to_forward,42,4.846285921095678,0,50
wcl_corridor,backward_to_forward,43,0.020635356141774253,0,52
wcl_corridor,backward_to_forward,44,5.520719765730222,0,54
wcl_corridor,backward_to_forward,45,6.520195095885558,0,56
wcl_corridor,backward_to_forward,46,6.416872706554363,2,56
wcl_corridor,backward_to_forward,47,1.497901876951091,4,56
wcl_corridor,backward_to_forward,48,0.9875970225106601,6,56
wcl_corridor,backward_to_forward,49,2.573011273795535,8,56
wcl_corridor,backward_to_forward,50,3.47555135289425,10,56
wcl_corridor,backward_to_forward,51,1.5940159875314315,12,56
wcl_corridor,backward_to_forward,52,0.598018533625627,14,56
wcl_corridor,backward_to_forward,53,1.9654257783042155,16,56
wcl_corridor,backward_to_forward,54,0.4687312241897139,18,56
wcl_corridor,backward_to_forward,55,4.686616694808226,20,56
wcl_corridor,backward_to_forward,56,3.174163053331146,22,56
wcl_corridor,backward_to_forward,57,1.3907126362762625,24,56
wcl_corridor,backward_to_forward,58,0.43623922927034897,26,56
wcl_corridor,backward_to_forward,59,2.3637425106243057,28,56
wcl_linpower,backward_to_forward,1,2.7677842390214487,32,0
wcl_linpower,backward_to_forward,2,6.351140257535617,30,0
wcl_linpower,backward_to_forward,3,5.041642376004961,28,0
wcl_linpower,backward_to_forward,4,4.464976675854865,26,0
wcl_linpower,backward_to_forward,5,3.3876157706589716,24,0
wcl_linpower,backward_to_forward,6,1.4211578219975554,22,0
wcl_linpower,backward_to_forward,7,1.5761859545489376,20,0
wcl_linpower,backward_to_forward,8,1.0476430671325978,18,0
wcl_linpower,backward_to_forward,9,1.11537902829354,16,0
wcl_linpower,backward_to_forward,10,2.9392382558148853,14,0
wcl_linpower,backward_to_forward,11,0.9347711510364618,12,0
wcl_linpower,backward_to_forward,12,1.262236365170506,10,0
wcl_linpower,backward_to_forward,13,1.6364668868939416,8,0
wcl_linpower,backward_to_forward,14,3.4567234656425176,6,0
wcl_linpower,backward_to_forward,15,5.220202190446205,4,0
wcl_linpower,backward_to_forward,16,7.7190196380852365,2,0
wcl_linpower,backward_to_forward,17,3.893863791826568,0,0
wcl_linpower,backward_to_forward,18,9.007372028580804,0,2
wcl_linpower,backward_to_forward,19,12.108767709893153,0,4
wcl_linpower,backward_to_forward,20,10.450112699720993,0,6
wcl_linpower,backward_to_forward,21,8.146404638537762,0,8
wcl_linpower,backward_to_forward,22,6.134325319610681,0,10
wcl_linpower,backward_to_forward,23,3.7111539086512373,0,12
wcl_linpower,backward_to_forward,24,1.9615560072836822,0,14
wcl_linpower,backward_to_forward,25,0.9588897651717377,0,16
wcl_linpower,backward_to_forward,26,2.196069135439937,0,18
wcl_linpower,backward_to_forward,27,0.7733998765002558,0,20
wcl_linpower,backward_to_forward,28,4.742629699277879,0,22
wcl_linpower,backward_to_forward,29,4.808105431770901,0,24
wcl_linpower,backward_to_forward,30,3.763317186733954,0,26
wcl_linpower,backward_to_forward,31,2.5136405984771124,0,28
wcl_linpower,backward_to_forward,32,1.2267476895570502,0,30
wcl_linpower,backward_to_forward,33,0.9678056316494591,0,32
wcl_linpower,backward_to_forward,34,3.2710152633771052,0,34
wcl_linpower,backward_to_forward,35,3.7732040133807603,0,36
wcl_linpower,backward_to_forward,36,4.301123152147842,0,38
wcl_linpower,backward_to_forward,37,3.976303303387857,0,40
wcl_linpower,backward_to_forward,38,2.4320173239890317,0,42
wcl_linpower,backward_to_forward,39,1.1526422164605075,0,44
wcl_linpower,backward_to_forward,40,2.143414546314229,0,46
wcl_linpower,backward_to_forward,41,3.967770080138745,0,48
wcl_linpower,backward_to_forward,42,5.089438629900375,0,50
wcl_linpower,backward_to_forward,43,3.469205871201868,0,52
wcl_linpower,backward_to_forward,44,5.85182789509849,0,54
wcl_linpower,backward_to_forward,45,6.548217927072479,0,56
wcl_linpower,backward_to_forward,46,6.797212251567508,2,56
wcl_linpower,backward_to_forward,47,2.007981421886924,4,56
wcl_linpower,backward_to_forward,48,1.1422245599918015,6,56
wcl_linpower,backward_to_forward,49,2.381987102770495,8,56
wcl_linpower,backward_to_forward,50,2.9443700307030256,10,56
wcl_linpower,backward_to_forward,51,1.7112677045107842,12,56
wcl_linpower,backward_to_forward,52,0.6545837403353544,14,56
wcl_linpower,backward_to_forward,53,1.92877809149258,16,56
wcl_linpower,backward_to_forward,54,0.43372184152699017,18,56
wcl_linpower,backward_to_forward,55,4.957955667227082,20,56
wcl_linpower,backward_to_forward,56,3.2944725265190895,22,56
wcl_linpower,backward_to_forward,57,1.8359197610772526,24,56
wcl_linpower,backward_to_forward,58,1.349173158575366,26,56
wcl_linpower,backward_to_forward,59,2.690509767110378,28,56
wcl_powerdomain,backward_to_forward,1,2.7484396610140363,32,0
wcl_powerdomain,backward_to_forward,2,6.217081951386053,30,0
wcl_powerdomain,backward_to_forward,3,3.902021604083428,28,0
wcl_powerdomain,backward_to_forward,4,4.524553492059339,26,0
wcl_powerdomain,backward_to_forward,5,3.395121320678585,24,0
wcl_powerdomain,backward_to_forward,6,1.4105239593086012,22,0
wcl_powerdomain,backward_to_forward,7,3.220260992871159,20,0
wcl_powerdomain,backward_to_forward,8,1.7100498850252017,18,0
wcl_powerdomain,backward_to_forward,9,0.6735179584864528,16,0
wcl_powerdomain,backward_to_forward,10,3.1726156468758626,14,0
wcl_powerdomain,backward_to_forward,11,0.6041912878001179,12,0
wcl_powerdomain,backward_to_forward,12,1.2650433411125837,10,0
wcl_powerdomain,backward_to_forward,13,1.6251715809130391,8,0
wcl_powerdomain,backward_to_forward,14,3.531080308500525,6,0
wcl_powerdomain,backward_to_forward,15,5.2218501953369705,4,0
wcl_powerdomain,backward_to_forward,16,7.773540691470667,2,0
wcl_powerdomain,backward_to_forward,17,3.8096396763308777,0,0
wcl_powerdomain,backward_to_forward,18,8.61846098966652,0,2
wcl_powerdomain,backward_to_forward,19,11.85089824355445,0,4
wcl_powerdomain,backward_to_forward,20,10.491388226829166,0,6
wcl_powerdomain,backward_to_forward,21,8.237149476170977,0,8
wcl_powerdomain,backward_to_forward,22,6.1143314270420674,0,10
wcl_powerdomain,backward_to_forward,23,3.931023232751854,0,12
wcl_powerdomain,backward_to_forward,24,1.965720749880106,0,14
wcl_powerdomain,backward_to_forward,25,0.9532669952185467,0,16
wcl_powerdomain,backward_to_forward,26,2.1905365469977407,0,18
wcl_powerdomain,backward_to_forward,27,1.2043084294448547,0,20
wcl_powerdomain,backward_to_forward,28,4.402427882719783,0,22
wcl_powerdomain,backward_to_forward,29,5.330992563610939,0,24
wcl_powerdomain,backward_to_forward,30,4.268226611266522,0,26
wcl_powerdomain,backward_to_forward,31,2.509744525514262,0,28
wcl_powerdomain,backward_to_forward,32,1.233811903822224,0,30
wcl_powerdomain,backward_to_forward,33,0.9980126456684701,0,32
wcl_powerdomain,backward_to_forward,34,3.127498935687062,0,34
wcl_powerdomain,backward_to_forward,35,4.53943253759679,0,36
wcl_powerdomain,backward_to_forward,36,4.327758809573705,0,38
wcl_powerdomain,backward_to_forward,37,3.975294614168869,0,40
wcl_powerdomain,backward_to_forward,38,2.436512097882253,0,42
wcl_powerdomain,backward_to_forward,39,1.1871864193952288,0,44
wcl_powerdomain,backward_to_forward,40,2.143289514019683,0,46
wcl_powerdomain,backward_to_forward,41,3.9859525805645544,0,48
wcl_powerdomain,backward_to_forward,42,5.041351347820924,0,50
wcl_powerdomain,backward_to_forward,43,3.4423014599056447,0,52
wcl_powerdomain,backward_to_forward,44,5.750565939057638,0,54
wcl_powerdomain,backward_to_forward,45,6.622908486658582,0,56
wcl_powerdomain,backward_to_forward,46,6.439637076272199,2,56
wcl_powerdomain,backward_to_forward,47,1.8911980622396989,4,56
wcl_powerdomain,backward_to_forward,48,1.2869812991581513,6,56
wcl_powerdomain,backward_to_forward,49,2.5793727034701623,8,56
wcl_powerdomain,backward_to_forward,50,3.486797870907855,10,56
wcl_powerdomain,backward_to_forward,51,1.7225408441774595,12,56
wcl_powerdomain,backward_to_forward,52,0.7793904773350718,14,56
wcl_powerdomain,backward_to_forward,53,2.0601753107787504,16,56
wcl_powerdomain,backward_to_forward,54,0.469210356492933,18,56
wcl_powerdomain,backward_to_forward,55,4.822454336567678,20,56
wcl_powerdomain,backward_to_forward,56,3.4018602014090016,22,56
wcl_powerdomain,backward_to_forward,57,1.8705991576621854,24,56
wcl_powerdomain,backward_to_forward,58,1.354527412541779,26,56
wcl_powerdomain,backward_to_forward,59,2.694246053508423,28,56
wcl_topl,backward_to_forward,1,2.7484396610140363,32,0
wcl_topl,backward_to_forward,2,6.217081951386053,30,0
wcl_topl,backward_to_forward,3,3.902021604083424,28,0
wcl_topl,backward_to_forward,4,4.524553492059339,26,0
wcl_topl,backward_to_forward,5,3.3952172234512195,24,0
wcl_topl,backward_to_forward,6,1.412494718502201,22,0
wcl_topl,backward_to_forward,7,3.22576148836487,20,0
wcl_topl,backward_to_forward,8,1.7100498850252015,18,0
wcl_topl,backward_to_forward,9,0.6735179584864492,16,0
wcl_topl,backward_to_forward,10,3.1835304888406455,14,0
wcl_topl,backward_to_forward,11,0.6041225413618176,12,0
wcl_topl,backward_to_forward,12,1.2634244828495491,10,0
wcl_topl,backward_to_forward,13,1.6411276767018022,8,0
wcl_topl,backward_to_forward,14,3.5008780898970344,6,0
wcl_topl,backward_to_forward,15,5.775005024193472,4,0
wcl_topl,backward_to_forward,16,7.971412769035539,2,0
wcl_topl,backward_to_forward,17,5.458278451262927,0,0
wcl_topl,backward_to_forward,18,9.427651679755083,0,2
wcl_topl,backward_to_forward,19,11.907226455777577,0,4
wcl_topl,backward_to_forward,20,10.435507612957533,0,6
wcl_topl,backward_to_forward,21,8.18554917535616,0,8
wcl_topl,backward_to_forward,22,6.0801265602549055,0,10
wcl_topl,backward_to_forward,23,3.910133469943713,0,12
wcl_topl,backward_to_forward,24,1.9651408382391293,0,14
wcl_topl,backward_to_forward,25,0.9531255636369635,0,16
wcl_topl,backward_to_forward,26,2.1908357442713755,0,18
wcl_topl,backward_to_forward,27,1.1708166817041679,0,20
wcl_topl,backward_to_forward,28,4.376330982409077,0,22
wcl_topl,backward_to_forward,29,5.326982373452641,0,24
wcl_topl,backward_to_forward,30,4.2508367281381725,0,26
wcl_topl,backward_to_forward,31,2.5113025291596753,0,28
wcl_topl,backward_to_forward,32,1.2356361420390796,0,30
wcl_topl,backward_to_forward,33,0.9996405650404594,0,32
wcl_topl,backward_to_forward,34,2.9700596939030715,0,34
wcl_topl,backward_to_forward,35,4.048057676571186,0,36
wcl_topl,backward_to_forward,36,4.391858992065544,0,38
wcl_topl,backward_to_forward,37,4.021048564612866,0,40
wcl_topl,backward_to_forward,38,2.3504629177827785,0,42
wcl_topl,backward_to_forward,39,1.1625574219651031,0,44
wcl_topl,backward_to_forward,40,2.1370954182319895,0,46
wcl_topl,backward_to_forward,41,4.004929314675954,0,48
wcl_topl,backward_to_forward,42,5.318954358185315,0,50
wcl_topl,backward_to_forward,43,3.5216121857799023,0,52
wcl_topl,backward_to_forward,44,5.257300291336689,0,54
wcl_topl,backward_to_forward,45,6.370892138105532,0,56
wcl_topl,backward_to_forward,46,6.398046698073745,2,56
wcl_topl,backward_to_forward,47,1.8897933012333545,4,56
wcl_topl,backward_to_forward,48,1.2862164256649244,6,56
wcl_topl,backward_to_forward,49,2.5784375333981164,8,56
wcl_topl,backward_to_forward,50,3.484602667306611,10,56
wcl_topl,backward_to_forward,51,1.7224950060307762,12,56
wcl_topl,backward_to_forward,52,0.7794171595930885,14,56
wcl_topl,backward_to_forward,53,2.0603886949108325,16,56
wcl_topl,backward_to_forward,54,0.469210356492933,18,56
wcl_topl,backward_to_forward,55,4.821949240873559,20,56
wcl_topl,backward_to_forward,56,3.4018602014090047,22,56
wcl_topl,backward_to_forward,57,1.8695528298340107,24,56
wcl_topl,backward_to_forward,58,1.354527412541779,26,56
wcl_topl,backward_to_forward,59,2.6942460535084165,28,56
wcl_varweight,backward_to_forward,1,2.6441985530054297,32,0
wcl_varweight,backward_to_forward,2,6.279692648313767,30,0
wcl_varweight,backward_to_forward,3,4.383776819584926,28,0
wcl_varweight,backward_to_forward,4,5.110616107107364,26,0
wcl_varweight,backward_to_forward,5,3.3729868190685206,24,0
wcl_varweight,backward_to_forward,6,1.238874446040561,22,0
wcl_varweight,backward_to_forward,7,8.401325704868402,20,0
wcl_varweight,backward_to_forward,8,2.0162489106689825,18,0
wcl_varweight,backward_to_forward,9,2.0632523663195093,16,0
wcl_varweight,backward_to_forward,10,3.675524733758249,14,0
wcl_varweight,backward_to_forward,11,2.907862521358452,12,0
wcl_varweight,backward_to_forward,12,1.3297817207395213,10,0
wcl_varweight,backward_to_forward,13,1.4870192587080435,8,0
wcl_varweight,backward_to_forward,14,3.7320674442021833,6,0
wcl_varweight,backward_to_forward,15,4.961958139223548,4,0
wcl_varweight,backward_to_forward,16,8.164659984667558,2,0
wcl_varweight,backward_to_forward,17,6.445538042324646,0,0
wcl_varweight,backward_to_forward,18,9.784588704156686,0,2
wcl_varweight,backward_to_forward,19,12.008705112169212,0,4
wcl_varweight,backward_to_forward,20,10.540889903157375,0,6
wcl_varweight,backward_to_forward,21,8.180498393017235,0,8
wcl_varweight,backward_to_forward,22,5.882694742539099,0,10
wcl_varweight,backward_to_forward,23,3.8294604365539535,0,12
wcl_varweight,backward_to_forward,24,1.9271548997796366,0,14
wcl_varweight,backward_to_forward,25,0.97829491378034,0,16
wcl_varweight,backward_to_forward,26,2.3248565275507924,0,18
wcl_varweight,backward_to_forward,27,1.2474146854463084,0,20
wcl_varweight,backward_to_forward,28,5.475709409176987,0,22
wcl_varweight,backward_to_forward,29,6.779108974930721,0,24
wcl_varweight,backward_to_forward,30,5.101295136171322,0,26
wcl_varweight,backward_to_forward,31,2.88326889621532,0,28
wcl_varweight,backward_to_forward,32,1.2886315839425009,0,30
wcl_varweight,backward_to_forward,33,1.386075299242975,0,32
wcl_varweight,backward_to_forward,34,1.8634539441644533,0,34
wcl_varweight,backward_to_forward,35,6.780301342360182,0,36
wcl_varweight,backward_to_forward,36,5.796366603950867,0,38
wcl_varweight,backward_to_forward,37,4.085094014885443,0,40
wcl_varweight,backward_to_forward,38,2.439203316782966,0,42
wcl_varweight,backward_to_forward,39,1.0966116189270927,0,44
wcl_varweight,backward_to_forward,40,2.1686109666206757,0,46
wcl_varweight,backward_to_forward,41,4.080067837080068,0,48
wcl_varweight,backward_to_forward,42,4.9887119500800985,0,50
wcl_varweight,backward_to_forward,43,4.979423749701569,0,52
wcl_varweight,backward_to_forward,44,5.982426409316123,0,54
wcl_varweight,backward_to_forward,45,7.509056721661127,0,56
wcl_varweight,backward_to_forward,46,8.780924878000224,2,56
wcl_varweight,backward_to_forward,47,3.511326127777141,4,56
wcl_varweight,backward_to_forward,48,6.3217096418711645,6,56
wcl_varweight,backward_to_forward,49,4.318697395187976,8,56
wcl_varweight,backward_to_forward,50,9.249358736572345,10,56
wcl_varweight,backward_to_forward,51,1.8642535287416069,12,56
wcl_varweight,backward_to_forward,52,5.711221695228424,14,56
wcl_varweight,backward_to_forward,53,1.9493707363143422,16,56
wcl_varweight,backward_to_forward,54,0.8097514382957232,18,56
wcl_varweight,backward_to_forward,55,5.261799739992193,20,56
wcl_varweight,backward_to_forward,56,3.661459554361139,22,56
wcl_varweight,backward_to_forward,57,1.8473270291949393,24,56
wcl_varweight,backward_to_forward,58,1.346832588126906,26,56
wcl_varweight,backward_to_forward,59,2.698300355445029,28,56
wknn,backward_to_forward,1,1.5195326478672229,32,0
wknn,backward_to_forward,2,0.17427539110007828,30,0
wknn,backward_to_forward,3,3.8456418299548183,28,0
wknn,backward_to_forward,4,1.9318224905094326,26,0
wknn,backward_to_forward,5,0.00935331050064292,24,0
wknn,backward_to_forward,6,0.6790300486983227,22,0
wknn,backward_to_forward,7,1.700949672298325,20,0
wknn,backward_to_forward,8,0.8860327147879339,18,0
wknn,backward_to_forward,9,0.2135136026286908,16,0
wknn,backward_to_forward,10,0.11309918492032978,14,0
wknn,backward_to_forward,11,0.3638603788850414,12,0
wknn,backward_to_forward,12,0.03951745702742393,10,0
wknn,backward_to_forward,13,0.04394521734420387,8,0
wknn,backward_to_forward,14,0.25663676104242583,6,0
wknn,backward_to_forward,15,0.384914307590952,4,0
wknn,backward_to_forward,16,1.8640374344972046,2,0
wknn,backward_to_forward,17,0.704681236739927,0,0
wknn,backward_to_forward,18,0.19004974495363935,0,2
wknn,backward_to_forward,19,2.02884790953717,0,4
wknn,backward_to_forward,20,1.6969176511276034,0,6
wknn,backward_to_forward,21,1.423256082919611,0,8
wknn,backward_to_forward,22,2.645270289866115,0,10
wknn,backward_to_forward,23,2.152142227028838,0,12
wknn,backward_to_forward,24,0.6716892304111095,0,14
wknn,backward_to_forward,25,1.799462264494153,0,16
wknn,backward_to_forward,26,1.5504608848633943,0,18
wknn,backward_to_forward,27,1.2008942395929658,0,20
wknn,backward_to_forward,28,0.021277424856286586,0,22
wknn,backward_to_forward,29,0.26364729658291,0,24
wknn,backward_to_forward,30,4.9146403096447,0,26
wknn,backward_to_forward,31,2.5815623100029583,0,28
wknn,backward_to_forward,32,1.901747447214312,0,30
wknn,backward_to_forward,33,3.382097590111023,0,32
wknn,backward_to_forward,34,6.49732563943958,0,34
wknn,backward_to_forward,35,7.248571329864795,0,36
wknn,backward_to_forward,36,2.8356696334021194,0,38
wknn,backward_to_forward,37,4.393839774841332,0,40
wknn,backward_to_forward,38,0.5546788941413752,0,42
wknn,backward_to_forward,39,1.9134932389680301,0,44
wknn,backward_to_forward,40,0.01697550332895048,0,46
wknn,backward_to_forward,41,0.3047090901645646,0,48
wknn,backward_to_forward,42,0.5296092373127053,0,50
wknn,backward_to_forward,43,0.14234199785583712,0,52
wknn,backward_to_forward,44,0.16168376678791674,0,54
wknn,backward_to_forward,45,1.630321826589821,0,56
wknn,backward_to_forward,46,1.9778661831798963,2,56
wknn,backward_to_forward,47,2.6784538883037126,4,56
wknn,backward_to_forward,48,0.717418123595623,6,56
wknn,backward_to_forward,49,1.5729465466800798,8,56
wknn,backward_to_forward,50,0.7814209913316219,10,56
wknn,backward_to_forward,51,0.15242621808053514,12,56
wknn,backward_to_forward,52,0.05728708035384855,14,56
wknn,backward_to_forward,53,0.049250669331815544,16,56
wknn,backward_to_forward,54,1.660716206217252,18,56
wknn,backward_to_forward,55,2.4770109464617853,20,56
wknn,backward_to_forward,56,1.8457426812834967,22,56
wknn,backward_to_forward,57,2.2014095335078423,24,56
wknn,backward_to_forward,58,0.3625887308940392,26,56
wknn,backward_to_forward,59,1.518407168518106,28,56
